empresa,id,titulo,data,conteudo_PRE,conteudo_POS,url,fonte,label
CPLE6,1,Copel: BBA reitera compra com foco em dividendos e gatilhos de curto prazo; ação sobe,2025-05-29,"Apesar da valorização de 50% nos últimos 12 meses — sendo 8% apenas em maio —, o Itaú BBA reiterou a recomendação de compra para as ações da Copel () e elevou o preço-alvo de R$ 13,30 para R$ 13,60.
Por volta de 12h20 (horário de Brasília), Copel valorizava-se 1,67%, a R$12,80, entre os destaques positivos do Ibovespa, que cedia 0,2%. No ponto mais alto do dia, chegou a R$12,83, máxima histórica intradia. No ano, acumula alta de cerca de 45%.
O banco vê um perfil de risco-recompensa ainda atrativo para a companhia elétrica, que negocia com uma taxa interna de retorno (TIR) de 10,3%, riscos de execução relativamente baixos, política de dividendos muito sólida e possíveis catalisadores de curto prazo — como a migração para o Novo Mercado e o próximo leilão de capacidade de reserva.

Aproveite a alta da Bolsa!


Ibovespa Ao Vivo: Bolsa cai com IOF, dados dos EUA e do Brasil no radar

Bolsas dos EUA avançam após Justiça barrar tarifas de Trump e com novos dados econômicos

XP coloca Azul em revisão após pedido de RJ e vê possível atraso em fusão com Gol

Espera-se que as renegociações sejam concluídas até o 1T26, significativamente mais rápido que o processo da sua rival Gol
Na avaliação do BBA, a Copel reúne a melhor combinação para investidores que buscam dividendos robustos, ao mesmo tempo em que oferece gatilhos capazes de destravar valor adicional para os acionistas.
BBA espera que a Copel pague consistentemente um dividend yield de, pelo menos, um dígito alto nos próximos anos, com amplo espaço para atingir dois dígitos. Em 9 de maio, a empresa anunciou a tão aguardada nova política de dividendos, que permite à empresa pagar dividendos recorrentes elevados, otimizando sua estrutura de capital e mantendo a alavancagem em níveis sustentáveis.
Com base na nova alavancagem prevista (2,8 vezes dívida líquida/EBITDA) para o final de 2026 e no fato de a empresa ter uma desalavancagem contratada para o próximo ano, após a próxima redefinição tarifária, o banco vê espaço para dividendos extraordinários já em 2025.

Preços de energia

Desde a última revisão, o Itaú BBA observou uma recuperação significativa nos preços de energia e passou a incorporar a nova curva Dcide (curva de preços futuros de energia elétrica) em seu modelo, que indica uma forte alta nos preços no curto e médio prazo. Na visão do banco, a Copel ainda possui um volume relevante de energia não contratada para venda nos próximos anos, mas tem conseguido firmar novos contratos ao longo dos últimos trimestres com spreads atrativos em relação à curva Dcide.
Além disso, o BBA passou a adotar uma premissa de preço de energia de longo prazo de R$ 160 MegaWatts por hora, acima dos R$ 150/MWh considerados anteriormente. Segundo a equipe de análise, há mais riscos de alta do que de baixa para esse preço de longo prazo, dado que ele tende a convergir para um custo marginal de expansão mais elevado, diante do aumento dos riscos associados às fontes renováveis. O banco estima que cada variação de R$ 10/MWh nesse preço de longo prazo impactaria o preço-alvo da ação em aproximadamente 2%.

Migração para Novo Mercado

Com a resolução da disputa entre o governo federal e a Eletrobras sobre direitos de voto, a migração da Copel para o Novo Mercado deve voltar ao radar dos investidores, e o BBA acredita que as discussões podem avançar no segundo semestre de 2025.
No processo de privatização, foi proposta uma migração com relação 1:1 entre ações PN e ON, mas o tema foi retirado das conversas. Hoje, analistas acreditam que uma razão de troca entre 1:1 e 1,1:1 é o desfecho mais provável. As ações preferenciais () negociam atualmente com prêmio de 10% sobre as ordinárias e têm maior liquidez.","['apesar', 'valorizacao', 'ultimos', 'maio', 'itau', 'bba', 'reiterar', 'recomendacao', 'compra', 'acoes', 'Copel', 'elevar', 'preco', 'alvo', 'volta', 'horario', 'brasilia', 'Copel', 'valorizar', 'destaque', 'positivo', 'ibovespa', 'cediar', 'alto', 'dia', 'chegar', 'maxima', 'historico', 'intradia', 'ano', 'acumular', 'alta', 'cerca', 'banco', 've', 'perfil', 'risco', 'recompensar', 'atrativo', 'companhia', 'eletrico', 'negociar', 'taxa', 'interno', 'retorno', 'tir', 'risco', 'execucao', 'relativamente', 'politica', 'dividendo', 'solido', 'possivel', 'catalisador', 'curto', 'prazo', 'migracao', 'mercado', 'proximo', 'leilao', 'capacidade', 'reserva', 'aproveitar', 'alta', 'Bolsa', 'ibovespir', 'vivo', 'bolsa', 'cair', 'iof', 'dado', 'EUA', 'Brasil', 'radar', 'bolsa', 'EUA', 'avancar', 'apo', 'justico', 'barrar', 'tarifa', 'trump', 'dado', 'economico', 'xp', 'colocar', 'azul', 'revisao', 'apos', 'pedir', 'rj', 've', 'possivel', 'atraso', 'fusao', 'gol', 'esperar', 'renegociacoe', 'concluir', 'ate', 'significativamente', 'rapir', 'processo', 'rival', 'gol', 'avaliacao', 'bba', 'Copel', 'reune', 'combinacao', 'investidor', 'buscar', 'dividendo', 'robusto', 'oferecer', 'gatilho', 'capaz', 'destravar', 'adicional', 'acionista', 'bba', 'esperar', 'copel', 'paguir', 'consistentemente', 'dividend', 'yield', 'digito', 'alto', 'proximo', 'ano', 'amplo', 'espaco', 'atingir', 'digito', 'maio', 'empresa', 'anunciar', 'tao', 'aguardar', 'politica', 'dividendo', 'permitir', 'empresa', 'pagar', 'dividendo', 'recorrente', 'elevar', 'otimizar', 'estrutura', 'capital', 'manter', 'alavancagem', 'nivel', 'sustentavel', 'base', 'alavancagem', 'prever', 'dividar', 'liquir', 'ebitda', 'fato', 'empresa', 'desalavancagem', 'contratado', 'proximo', 'ano', 'apo', 'proximo', 'redefinicao', 'tarifar', 'banco', 've', 'espaco', 'dividendo', 'extraordinario', 'ja', 'preco', 'energia', 'ultima', 'revisao', 'itau', 'bba', 'observar', 'recuperacao', 'significativo', 'preco', 'energia', 'passar', 'incorporar', 'curva', 'dcide', 'curva', 'preco', 'futuro', 'energia', 'eletrico', 'modelo', 'indicar', 'forte', 'alta', 'preco', 'curto', 'medio', 'prazo', 'visao', 'Banco', 'copel', 'possuir', 'volume', 'relevante', 'energia', 'nao', 'contratar', 'venda', 'proximo', 'ano', 'conseguir', 'firmar', 'contrato', 'longo', 'ultimo', 'trimestr', 'spreads', 'atrativo', 'relacao', 'curva', 'dcide', 'aler', 'bba', 'passar', 'adotar', 'premissa', 'preco', 'energia', 'longo', 'prazo', 'megawatt', 'hora', 'acima', 'mwh', 'considerar', 'anteriormente', 'equipe', 'analise', 'ha', 'risco', 'alta', 'baixa', 'preco', 'longo', 'prazo', 'tender', 'convergir', 'custo', 'marginal', 'expansao', 'elevar', 'aumento', 'risco', 'associar', 'fonte', 'renovavel', 'banco', 'estimar', 'variacao', 'mwh', 'preco', 'longo', 'prazo', 'impactar', 'preco', 'alvo', 'acao', 'aproximadamente', 'migracao', 'mercado', 'resolucao', 'disputa', 'governo', 'federal', 'eletrobra', 'direito', 'voto', 'migracao', 'copel', 'mercado', 'dever', 'voltar', 'radar', 'investidor', 'bba', 'acreditar', 'discussoe', 'avancar', 'semestre', 'processo', 'privatizacao', 'propor', 'migracao', 'relacao', 'acoes', 'pn', 'on', 'tema', 'retirar', 'conversa', 'hoje', 'analista', 'acreditar', 'razao', 'troca', 'desfecho', 'provavel', 'acoes', 'preferencial', 'negociar', 'atualmente', 'premio', 'ordinaria', 'liquidez']",https://www.infomoney.com.br/mercados/copel-bba-reitera-compra-com-foco-em-dividendos-robustos-e-gatilhos-de-curto-prazo,InfoMoney,1
CPLE6,2,Copel (CPLE6) aprova nova política de dividendos,2025-05-09,"SÃO PAULO (Reuters) – A elétrica paranaense Copel () informou nesta sexta-feira que seu conselho de administração aprovou uma estrutura ótima de capital e nova política de dividendos, que proporcionará mais transparência e previsibilidade, com frequência mínima de pagamento de duas vezes ao ano.
A nova política de dividendos levará em conta a alavancagem financeira definida para estrutura ótima de capital da companhia, além de distribuição mínima de 75% do lucro líquido, segundo fato relevante.

Ibovespa Ao Vivo: Confira o que movimenta Bolsa, Dólar e Juros nesta sexta

Índices futuros dos EUA ampliam ganhos

Copel (CPLE6): lucro líquido sobe 24,6% no 1T25 na base anual, para R$ 664,7 milhões

O lucro antes de juros, impostos, depreciação e amortização (Ebitda) atingiu R$ 1,736 bilhão no trimestre, valor 24,1% maior que o visto no mesmo intervalo do ano anterior
A empresa afirmou que sua estrutura ótima de capital considera fatores como a alavancagem financeira de 2,8 vezes, mensurada pela dívida líquida/Ebitda, com uma faixa de tolerância de 0,3 vezes para mais (3,1x) ou para menos (2,5x) desde que haja convergência em até 24 meses para o centro da faixa (2,8x).","['sao', 'Paulo', 'reuter', 'eletrica', 'paranaense', 'copel', 'informar', 'feira', 'administracao', 'aprovar', 'estrutura', 'otimo', 'capital', 'politica', 'dividendo', 'proporcionar', 'transparencia', 'previsibilidade', 'frequencia', 'minima', 'pagamento', 'ano', 'politica', 'dividendo', 'levar', 'conta', 'alavancagem', 'financeiro', 'definir', 'estrutura', 'otimo', 'capital', 'companhia', 'aler', 'distribuicao', 'minima', 'lucro', 'liquido', 'fato', 'relevante', 'ibovespir', 'vivo', 'confira', 'movimentar', 'Bolsa', 'dolar', 'juro', 'indice', 'futuro', 'EUA', 'ampler', 'ganho', 'copel', 'lucro', 'liquido', 'subir', 'base', 'anual', 'milhoes', 'lucro', 'juro', 'imposto', 'depreciacao', 'amortizacao', 'ebitda', 'atingir', 'bilhao', 'trimestre', 'intervalo', 'ano', 'anterior', 'empresa', 'afirmar', 'estrutura', 'otimo', 'capital', 'considerar', 'fator', 'alavancagem', 'financeiro', 'mensurar', 'divida', 'liquir', 'ebitda', 'faixa', 'tolerancia', 'haver', 'convergencia', 'ate', 'centro', 'faixa']",https://www.infomoney.com.br/mercados/copel-cple6-aprova-nova-politica-de-dividendos,InfoMoney,0
CPLE6,3,"Copel (CPLE6): lucro líquido sobe 24,6% no 1T25 na base anual, para R$ 664,7 milhões",2025-05-08,"A Companhia Paranaense de Energia (Copel; ) obteve lucro líquido de R$ 664,7 milhões no primeiro trimestre deste ano, alta de 24 6% na comparação anual. Ajustando a itens não recorrentes, o resultado líquido do período foi de R$ 576,9 milhões, crescimento de 6,4% na base anual de comparação.
O lucro antes de juros, impostos, depreciação e amortização (Ebitda) atingiu R$ 1,736 bilhão no trimestre, valor 24,1% maior que o visto no mesmo intervalo do ano anterior. Já o Ebitda recorrente somou R$ 1,503 bilhão, aumento de 13,0%. A margem Ebitda ajustada alcançou 25,5% no trimestre, alta de 3,8 pontos porcentuais na mesma base de comparação.

Análise de Ações com Warren Buffett

De janeiro a março, a receita operacional líquida da Copel aumentou 8,8% em relação à igual trimestre de 2024, para R$ 5 892 bilhões na base anual, impulsionada pelo aumento da receita com suprimento de energia, do aumento da energia vendida na comercialização e na redução no desvio de geração eólica, apontou a companhia. A empresa também citou a maior receita com disponibilidade da rede elétrica.

Itaú (ITUB4) tem lucro recorrente de R$ 11,1 bilhões, alta anual de 13,9%

A projeção média dos analistas ouvidos pela LSEG era de lucro de R$ 11 bilhões

Cogna (COGN3) reverte prejuízo e lucra R$ 95 milhões no 1º trimestre

Companhia divulgou seus resultados na noite desta quinta-feira
Ao final de março, a dívida líquida era de R$ 12,911 bilhões, ante os R$ 13,157 bilhões do encerramento do ano passado. A alavancagem, medida pela relação dívida líquida por Ebitda, alcançou 2,3 vezes no período, queda de 0,3 vez ante dezembro de 2024.","['companhia', 'paranaense', 'energia', 'copel', 'obter', 'lucro', 'liquido', 'milhoes', 'trimestre', 'ano', 'alto', 'comparacao', 'anual', 'ajustar', 'item', 'nao', 'recorrente', 'resultado', 'liquido', 'periodo', 'milhoes', 'crescimento', 'base', 'anual', 'comparacao', 'lucro', 'juro', 'imposto', 'depreciacao', 'amortizacao', 'ebitda', 'atingir', 'bilhao', 'trimestre', 'intervalo', 'ano', 'anterior', 'ja', 'ebitda', 'recorrente', 'somar', 'bilhao', 'aumento', 'margem', 'ebitda', 'ajustar', 'alcancar', 'trimestre', 'alta', 'porcentual', 'base', 'comparacao', 'analise', 'acoes', 'warren', 'buffett', 'janeiro', 'marco', 'receita', 'operacional', 'liquir', 'Copel', 'aumentar', 'relacao', 'igual', 'trimestre', 'bilhoe', 'base', 'anual', 'impulsionar', 'aumento', 'receita', 'suprimento', 'energia', 'aumento', 'energia', 'vender', 'comercializacao', 'reducao', 'desvio', 'geracao', 'eolico', 'companhia', 'empresa', 'tamber', 'citar', 'receita', 'disponibilidade', 'rede', 'eletrico', 'itau', 'lucro', 'recorrente', 'bilhoes', 'alta', 'anual', 'projecao', 'media', 'analista', 'ouvir', 'lseg', 'lucro', 'bilhoes', 'cogna', 'reverte', 'prejuizo', 'lucrar', 'milhoe', 'trimestre', 'companhia', 'divulgar', 'resultado', 'noite', 'feira', 'marco', 'divido', 'liquir', 'bilhoes', 'ante', 'bilhoe', 'encerramento', 'ano', 'passado', 'alavancagem', 'medir', 'relacao', 'divido', 'liquir', 'ebitda', 'alcancar', 'periodo', 'queda', 'ante', 'dezembro']",https://www.infomoney.com.br/mercados/copel-cple6-resultados-primeiro-trimestre-2025,InfoMoney,1
CPLE6,4,"Mercado fio da distribuição da Copel sobe 3,3% no 1º tri",2025-04-23,"SÃO PAULO (Reuters) – A companhia paranaense de energia elétrica Copel afirmou nesta terça-feira que o chamado “mercado fio” da distribuição da companhia elevou o consumo em 3,3% no primeiro trimestre sobre um ano antes.
O mercado fio faturado, afirmou a Copel, teve alta de 0,9% no trimestre.

Copel: BBI diz que agora é momento ideal para estrangeiro comprar CPLE6: veja por quê

O BBI destaca que a nova política de dividendos da Copel, a ser anunciada em 8 de maio, deve apontar para um dividend yield superior a 10% já em 2026
O crescimento do mercado fio da distribuição é “explicado principalmente pelo aumento da atividade econômica e do padrão de consumo mais elevado da base de clientes”, afirmou a Copel no comunicado.

Aproveite a alta da Bolsa!

Na base de comparação anual, o número de clientes residenciais da Copel cresceu 2,2%, para 4,3 milhões. No segmento industrial, houve queda de 0,5%, no comercial foi apurado crescimento de 1,5%, enquanto na base rural houve recuo de 2,7% no número de clientes.","['sao', 'Paulo', 'reuter', 'companhia', 'paranaense', 'energia', 'Eletrica', 'copel', 'afirmar', 'terca', 'feira', 'chamado', 'mercado', 'fio', 'distribuicao', 'companhia', 'elevar', 'consumo', 'trimestre', 'ano', 'mercado', 'fio', 'faturar', 'afirmar', 'Copel', 'alta', 'trimestre', 'Copel', 'Bbi', 'ideal', 'estrangeiro', 'comprar', 'bbi', 'destacar', 'politica', 'dividendo', 'copel', 'anunciar', 'maio', 'dever', 'dividend', 'yield', 'superior', 'ja', 'crescimento', 'mercado', 'fio', 'distribuicao', 'explicar', 'principalmente', 'aumento', 'atividade', 'economico', 'padrao', 'consumo', 'elevado', 'base', 'cliente', 'afirmar', 'copel', 'comunicado', 'aproveitar', 'alta', 'bolsa', 'base', 'comparacao', 'anual', 'numero', 'cliente', 'residencial', 'Copel', 'crescer', 'milhoe', 'segmento', 'industrial', 'haver', 'queda', 'comercial', 'apurar', 'crescimento', 'base', 'rural', 'haver', 'recuo', 'numero', 'cliente']",https://www.infomoney.com.br/mercados/mercado-fio-da-distribuicao-da-copel-sobe-33-no-1o-tri,InfoMoney,1
CPLE6,5,Como a migração da Copel para o Novo Mercado pode ser catalisador para as ações?,2025-06-24,"A Copel (;) aprovou o início do processo de migração da companhia para o Novo Mercado (segmento especial de listagem da B3 voltado a empresas com os mais altos padrões de governança corporativa), juntamente com a convocação de uma Assembleia Geral Extraordinária (AGE) para o dia 4 de agosto, que deliberará sobre o tema. A conclusão da transação é esperada para o quarto trimestre de 2025. Às 10h18,  caía 0,24%, a R$ 12,52, enquanto  subia 0,60%, a R$ 11,70

Ibovespa Ao Vivo: Confira o que movimenta Bolsa, Dólar e Juros nesta terça

Índices futuros dos EUA avançam em meio a quebra de cessar-fogo entre Irã e Israel

Copel: Conselho de Administração aprova proposta de migração para o Novo Mercado

Entre os termos propostos, está a criação de uma nova classe de ações preferenciais compulsoriamente resgatáveis, a PNC
A XP avalia de forma positiva o anúncio da Copel sobre a proposta de migração para o Novo Mercado da B3, interpretando a decisão como um passo importante para aprimorar a governança corporativa e simplificar a estrutura acionária da companhia. Segundo os analistas, a eliminação das diferentes classes de ações deve aumentar a liquidez dos papéis ordinários, atrair uma base de investidores mais ampla e reduzir o custo de capital no longo prazo.
A XP também destaca que o pagamento em dinheiro de R$ 1,3 bilhão aos acionistas preferenciais, correspondente a R$ 0,7749 por ação (cerca de 6% de rendimento sobre ), é significativo, mas não compromete a saúde financeira da companhia. Mesmo com a elevação da alavancagem estimada de 2,3x (vezes) para 2,5x dívida líquida/Ebitda (lucro antes de juros, impostos, depreciações e amortizações) após o resgate das ações PNC (novas ações Classe C), o índice permanece dentro da faixa inferior da nova política de capital da Copel.
Participe do Onde Investir 2026 e desbloqueie planilhas exclusivas, relatórios, planner financeiro e todos os painéis do evento; inscreva-se.
A corretora acredita que a proposta não gera diluição aos acionistas e está alinhada com os esforços recentes da companhia para modernizar sua estrutura e reforçar seu posicionamento como uma “corporation” com governança mais alinhada às melhores práticas do mercado.
A XP reitera sua recomendação de compra para as ações da Copel, com preço-alvo de R$ 13,80, reforçando que a migração para o Novo Mercado deve ser bem recebida pelos investidores, especialmente após a conclusão da conversão e do resgate das ações preferenciais.
O Itaú BBA, por sua vez, destaca que o anúncio melhora a governança da empresa, atrai mais investidores estrangeiros de longo prazo, como também aumenta a liquidez das ações. O banco considera os termos finais da migração justos para todos os acionistas envolvidos.
O BBA manteve recomendação de compra e preço-alvo de R$ 13.
O Goldman Sachs também avaliou de forma positiva, destacando os benefícios estratégicos da medida para a governança, estrutura de capital e atratividade das ações da companhia.
Na visão da equipe do banco americano, a conversão das ações preferenciais ( e ) em ações ordinárias, com a criação temporária da Classe C resgatável por R$ 0,7749 por ação, representa uma etapa importante para a simplificação da estrutura societária da Copel. A transação também elimina o pagamento de dividendos diferenciados, até então favorecendo as ações preferenciais com prêmio de 10% sobre as ordinárias, e alinha os direitos políticos entre os acionistas.
O Goldman destaca que, embora o pagamento de aproximadamente R$ 1,3 bilhão aos acionistas preferenciais deva pressionar levemente a alavancagem (aumentando cerca de 0,2 vez na relação dívida líquida/Ebitda), o impacto é administrável e deve ser compensado ao longo do tempo por uma maior eficiência de capital e pela possível renegociação de covenants com credores. O banco ressalta que a iniciativa pode abrir espaço para dividendos mais robustos no médio prazo e aumentar o interesse de investidores institucionais, dado o ingresso no Novo Mercado e a maior liquidez esperada.
O banco vê a migração como um catalisador relevante para uma reclassificação da companhia no mercado, reforçando a Copel como uma opção sólida dentro do setor de utilities no Brasil. Com isso, o Goldman Sachs mantém recomendação de compra para as ações da Copel e preço-alvo R$ 13.
Já o Bradesco BBI destaca a rapidez com que a administração vem implementando seu plano de transformação e aprimoramento após a privatização, o que demonstra comprometimento com a agenda de governança e geração de valor.
Sobre os termos da transação, o BBI observa que a relação de troca implícita entre ações preferenciais e ordinárias é de cerca de 1,062, favorecendo ligeiramente os detentores de PNs, com base no valor do resgate das novas ações Classe C, mas sem considerar a atualização monetária até o pagamento. Apesar disso, os analistas reconhecem que essa relação pode gerar alguma frustração entre os acionistas preferenciais, que poderiam argumentar por uma relação mais próxima de 1,1, com base no prêmio de 10% sobre dividendos que recebiam até então.
O BBI pondera, contudo, que a aprovação da proposta depende da articulação com acionistas relevantes, como o Governo do Estado do Paraná (detentor de 27% das ONs) e o BNDES (detentor de 31% das PNs), ambos com sinais de apoio favorável aos termos propostos, segundo conversas mantidas com a administração da companhia.
Por fim, o BBI não vê risco à tese de dividendos com o pagamento em caixa de cerca de R$ 1,3 bilhão para o resgate das ações PNC. Com esse desembolso, a alavancagem projetada sobe de 2,85 vezes para 3,08 vezes Dívida Líquida/EBITDA no final de 2025 – ainda dentro do intervalo-alvo da empresa, cujo teto é de 3,1 vezes. A expectativa do BBI é de que a Copel aumente seu dividend yield para cerca de 10% em 2025, subindo para aproximadamente 12% ao ano em 2026 e 2027.
O BBI reiterou recomendação de compra e preço-alvo de R$ 14.
O Morgan Stanley considerou positiva a proposta de migração da Copel para o Novo Mercado, por fortalecer a governança, simplificar a estrutura acionária e aumentar a liquidez das ações. Apesar do prêmio de R$ 0,7749 por ação preferencial estar 16% abaixo do spread de mercado (R$ 0,92), o banco o considera justo, por estar alinhado ao valor presente líquido estimado da diferença de dividendos entre as classes. A migração está em linha com o plano estratégico da empresa desde sua privatização em 2023.
O Morgan manteve classificação de compra e preço-alvo de R$ 12.
Na mesm linha que os outros bancos, o JPMorgan considera positiva a decisão da Copel, destacando que a iniciativa reforça a governança corporativa da empresa ao simplificar sua estrutura acionária e uniformizar os direitos de voto entre os acionistas. A unificação das ações deve aumentar a liquidez dos papéis, tornando-os mais atraentes para investidores institucionais e estrangeiros.
Apesar do prêmio de resgate das ações preferenciais estar abaixo do spread atual de mercado, o JPMorgan avalia que o valor oferecido é justo, refletindo adequadamente o diferencial de dividendos entre as classes. Além disso, o banco ressalta que a migração pode facilitar futuras negociações com credores e possibilitar uma estrutura de capital mais eficiente, apoiando o crescimento sustentável da companhia. Dessa forma, o JPMorgan mantém uma visão positiva sobre a Copel, destacando a migração como um passo importante para o fortalecimento da empresa no mercado de capitais.","['copel', 'aprovar', 'processo', 'migracao', 'companhia', 'mercado', 'segmento', 'especial', 'listagem', 'voltar', 'empresa', 'alto', 'padroe', 'governanca', 'corporativo', 'juntamente', 'convocacao', 'assembleia', 'extraordinario', 'age', 'dia', 'agosto', 'deliberar', 'tema', 'conclusao', 'transacao', 'esperar', 'trimestre', 'caia', 'suber', 'ibovespa', 'vivo', 'confira', 'movimentar', 'Bolsa', 'dolar', 'juro', 'terca', 'indice', 'futuro', 'EUA', 'avancar', 'quebra', 'cessar', 'fogo', 'ira', 'Israel', 'Copel', 'administracao', 'aprovar', 'proposta', 'migracao', 'mercado', 'termo', 'propor', 'criacao', 'classe', 'acoes', 'preferencial', 'compulsoriamente', 'resgatavel', 'pnc', 'xp', 'avaliar', 'positivo', 'anuncio', 'copel', 'proposta', 'migracao', 'mercado', 'interpretar', 'decisao', 'passo', 'importante', 'aprimorar', 'governanca', 'corporativo', 'simplificar', 'estrutura', 'acionario', 'companhia', 'analista', 'eliminacao', 'diferentes', 'classe', 'acoes', 'dever', 'aumentar', 'liquidez', 'papel', 'ordinario', 'atrair', 'base', 'investidor', 'amplo', 'reduzir', 'custo', 'capital', 'longo', 'prazo', 'xp', 'tamber', 'destacar', 'pagamento', 'dinheiro', 'bilhao', 'acionista', 'preferencial', 'correspondente', 'acao', 'cerca', 'rendimento', 'significativo', 'nao', 'compromete', 'saude', 'financeiro', 'companhia', 'elevacao', 'alavancagem', 'estimar', 'divido', 'liquir', 'ebitda', 'lucro', 'juro', 'imposto', 'depreciacoe', 'amortizacoe', 'apo', 'resgate', 'acoes', 'pnc', 'acoes', 'classe', 'indice', 'permanecer', 'faixa', 'inferior', 'politica', 'capital', 'Copel', 'participe', 'investir', 'desbloqueier', 'planilha', 'exclusivo', 'relatorio', 'planner', 'financeiro', 'painel', 'evento', 'inscrevar', 'corretora', 'acreditar', 'proposta', 'nao', 'gerar', 'diluicao', 'acionista', 'alinhado', 'esforco', 'recente', 'companhia', 'modernizar', 'estrutura', 'reforcar', 'posicionamento', 'corporation', 'governanca', 'alinhado', 'pratica', 'mercado', 'xp', 'reiterar', 'recomendacao', 'compra', 'acoes', 'copel', 'preco', 'alvo', 'reforcar', 'migracao', 'mercado', 'dever', 'receber', 'investidor', 'especialmente', 'apo', 'conclusao', 'conversao', 'resgate', 'acoes', 'preferencial', 'itau', 'bba', 'destacar', 'anuncio', 'melhorar', 'governanca', 'empresa', 'atrair', 'investidor', 'estrangeiro', 'longo', 'prazo', 'tambem', 'aumentar', 'liquidez', 'acoes', 'banco', 'considerar', 'termo', 'migracao', 'justo', 'acionista', 'envolver', 'bba', 'manter', 'recomendacao', 'compra', 'precor', 'alvo', 'goldman', 'sachs', 'tambem', 'avaliar', 'positivo', 'destacar', 'beneficio', 'estrategico', 'medida', 'governanca', 'estrutura', 'capital', 'atratividade', 'acoes', 'companhia', 'visao', 'equipe', 'banco', 'americano', 'conversao', 'acoes', 'preferencial', 'acoes', 'ordinaria', 'criacao', 'temporario', 'classe', 'resgatavel', 'acao', 'representar', 'etapa', 'importante', 'simplificacao', 'estrutura', 'societario', 'Copel', 'transacao', 'tambem', 'elimino', 'pagamento', 'dividendo', 'diferenciar', 'ate', 'entao', 'favorecer', 'acoes', 'preferencial', 'premio', 'ordinaria', 'alinhar', 'direito', 'politico', 'acionista', 'goldman', 'destacar', 'pagamento', 'aproximadamente', 'bilhao', 'acionista', 'preferencial', 'dever', 'pressionar', 'levemente', 'alavancagem', 'aumentar', 'cerca', 'relacao', 'divido', 'liquir', 'ebitda', 'impacto', 'administravel', 'dever', 'compensar', 'longo', 'eficiencia', 'capital', 'possivel', 'renegociacao', 'covenants', 'credor', 'banco', 'ressaltar', 'iniciativa', 'abrir', 'espaco', 'dividendo', 'robusto', 'medio', 'prazo', 'aumentar', 'interesse', 'investidor', 'institucional', 'ingresso', 'mercado', 'liquidez', 'esperar', 'banco', 've', 'migracao', 'catalisador', 'relevante', 'reclassificacao', 'companhia', 'mercado', 'reforcar', 'copel', 'opcao', 'solido', 'setor', 'utilities', 'Brasil', 'goldman', 'sachs', 'manter', 'recomendacao', 'compra', 'acoes', 'Copel', 'precor', 'alvo', 'ja', 'bradesco', 'bbi', 'destacar', 'rapidez', 'administracao', 'vir', 'implementar', 'plano', 'transformacao', 'aprimoramento', 'apo', 'privatizacao', 'demonstrar', 'comprometimento', 'agenda', 'governanca', 'geracao', 'termo', 'transacao', 'bbi', 'observar', 'relacao', 'troca', 'implicito', 'acoes', 'preferencial', 'ordinaria', 'cerca', 'favorecer', 'ligeiramente', 'detentor', 'pns', 'base', 'resgate', 'acoes', 'classe', 'considerar', 'atualizacao', 'monetario', 'ate', 'pagamento', 'apesar', 'analista', 'reconhecer', 'relacao', 'gerar', 'algum', 'frustracao', 'acionista', 'preferencial', 'argumentar', 'relacao', 'proximo', 'base', 'premio', 'dividendo', 'recebir', 'ate', 'entao', 'bbi', 'ponderar', 'aprovacao', 'proposta', 'depender', 'articulacao', 'acionista', 'relevante', 'governo', 'Estado', 'parana', 'detentor', 'ons', 'bnde', 'detentor', 'pns', 'sinal', 'favoravel', 'termo', 'propor', 'conversa', 'mantir', 'administracao', 'companhia', 'Bbi', 'nao', 've', 'risco', 'tese', 'dividendo', 'pagamento', 'caixa', 'cerca', 'bilhao', 'resgate', 'acoes', 'pnc', 'desembolso', 'alavancagem', 'projetar', 'subir', 'dividar', 'liquir', 'ebitda', 'intervalo', 'alvo', 'empresa', 'teto', 'expectativa', 'Bbi', 'copel', 'aumentar', 'dividend', 'yield', 'cerca', 'subir', 'aproximadamente', 'ano', 'bbi', 'reiterar', 'recomendacao', 'compra', 'precor', 'alvo', 'morgan', 'stanley', 'considerar', 'positivo', 'proposta', 'migracao', 'copel', 'mercado', 'fortalecer', 'governanca', 'simplificar', 'estrutura', 'acionario', 'aumentar', 'liquidez', 'acoes', 'apesar', 'premio', 'acao', 'preferencial', 'abaixo', 'spread', 'mercado', 'banco', 'considerar', 'justo', 'alinhar', 'presente', 'liquido', 'estimar', 'diferenca', 'dividendo', 'classe', 'migracao', 'linha', 'plano', 'estrategico', 'empresa', 'privatizacao', 'morgan', 'manter', 'classificacao', 'compra', 'precor', 'alvo', 'mesm', 'linha', 'outro', 'banco', 'jpmorgan', 'considerar', 'positivo', 'decisao', 'copel', 'destacar', 'iniciativa', 'reforca', 'governanca', 'corporativo', 'empresa', 'simplificar', 'estrutura', 'acionario', 'uniformizar', 'direito', 'voto', 'acionista', 'unificacao', 'acoes', 'dever', 'aumentar', 'liquidez', 'papel', 'tornar', 'atraente', 'investidor', 'institucional', 'estrangeiro', 'apesar', 'premio', 'resgate', 'acoes', 'preferencial', 'abaixo', 'spread', 'atual', 'mercado', 'jpmorgan', 'avaliar', 'oferecer', 'justo', 'refletir', 'adequadamente', 'diferencial', 'dividendo', 'classe', 'aler', 'banco', 'ressaltar', 'migracao', 'facilitar', 'futuro', 'negociacoes', 'credor', 'possibilitar', 'estrutura', 'capital', 'eficiente', 'apoiar', 'crescimento', 'sustentavel', 'companhia', 'jpmorgan', 'manter', 'visao', 'positivo', 'copel', 'destacar', 'migracao', 'passo', 'importante', 'fortalecimento', 'empresa', 'mercado', 'capital']",https://www.infomoney.com.br/mercados/como-a-migracao-da-copel-para-o-novo-mercado-pode-ser-catalisador-para-as-acoes,InfoMoney,1
CPLE6,6,Goldman vê ações de utilities com preços atrativos apesar de rali; veja as preferidas,2025-06-11,"Apesar da recente valorização das ações do setor de , o Goldman Sachs ainda vê os valuations de muitos papéis como razoáveis — com o spread real médio do setor girando em torno de 3,8% acima dos títulos públicos brasileiros. Diante desse cenário, o banco mantém recomendação positiva para o segmento e destaca nomes com catalisadores no curto e médio prazo, como Sabesp (), Copel () e Equatorial ().

Dólar hoje vira para queda após dados de inflação nos EUA; fiscal segue no radar

Haddad discute possíveis alternativas ao aumento do IOF na Câmara

Ibovespa Ao Vivo: Confira o que movimenta Bolsa, Dólar e Juros nesta quarta

Índices futuros dos EUA operam mistos em meio a negociações com a China
O Goldman Sachs atualizou suas estimativas para as distribuidoras brasileiras Copel, Equatorial, Energisa e Cemig após a aprovação, em 20 de maio, da nova metodologia de cálculo do opex na distribuição de energia pela Aneel — tema debatido desde 2019.
Entre as principais mudanças estão: (i) atualização anual do período de referência do opex; (ii) simplificação do modelo de benchmark, com maior sensibilidade a custos em áreas rurais, geração distribuída e perdas não técnicas; (iii) uso do IPCA como indexador único; (iv) compartilhamento de ganhos de eficiência com os consumidores atrelado à eficiência mediana do setor; (v) repasse imediato de parte dos ganhos (limitado a 5%); (vi) retenção dos ganhos condicionada ao cumprimento de indicadores de qualidade; e (vii) definição de limites máximos e mínimos de 140% e 60% para os ganhos, respectivamente — anteriormente sem restrições.

Aproveite a alta da Bolsa!

Energisa e Equatorial foram apontadas como as mais impactadas pela nova metodologia, com reduções estimadas de 9% e 8% no valor justo de suas ações, devido à elevada exposição ao segmento de distribuição. Cemig e Copel apresentaram impactos menores, de 4% e 3%, respectivamente.
O banco também incorporou aos modelos as projeções revisadas do ONS, que indicam menor crescimento da demanda de energia, além de ajustar as expectativas para o RAB líquido entre 2025 e 2027.
Nos próximos anos, o Goldman espera que as empresas atinjam indicadores regionais de qualidade DEC (disrupções no fornecimento) alinhados à meta da Aneel de 80% das regiões concessionárias dentro dos limites estabelecidos, o que levará a um aumento na retenção dos ganhos para 30% (contra 50% fixos atualmente).
O banco também elevou as previsões de despesas unitárias gerenciáveis de opex para a Equatorial no curto prazo (2025-27), passando de quedas anuais reais de -5%/-3%/0% para estabilidade, semelhante às previsões para a Energisa, pois espera que os ganhos de eficiência decorrentes da recuperação em Celg, CEEE-D e CEA sejam compensados pelas exigências de qualidade da nova metodologia.

Copel (CPLE6)

Para Copel, o banco reiterou a recomendação de compra, com leve redução nos preços-alvo (R$ 13,00 para , R$ 11,70 para  e US$ 9,20 para ELP). O Goldman destaca o (dividendo sobre o preço) elevado estimado (11% para 2025–2027) e uma taxa interna de retorno (IRR) real de 10,2%, vendo o aumento dos dividendos como principal catalisador para valorização das ações.
Entre os principais riscos negativos destacados estão: maior fiscalização por parte do regulador e do governo federal sobre a qualidade dos serviços, possível interferência governamental, abertura do mercado de distribuição, aumento de encargos setoriais, crescimento da geração solar distribuída afetando volumes e perdas, excesso de energia no médio prazo, energia não contratada nos próximos cinco anos, além da possibilidade de extensão do debate e novos cortes no componente financeiro da RBSE.

Equatorial (EQTL3)

Na Equatorial, o preço-alvo foi cortado em 3% (para R$ 41,00), com manutenção da recomendação de compra. O Goldman vê a empresa como uma das melhores alocadoras de capital do setor, negociando a um IRR real de 11,3%. As estimativas de EBITDA e lucro também foram revisadas negativamente.
Os riscos incluem maior escrutínio regulatório, interferência do governo federal, abertura do mercado de distribuição, alta de encargos setoriais, avanço da geração solar distribuída, ritmo mais lento do que o esperado na recuperação das concessões adquiridas e excesso de oferta de energia no médio prazo.

Energisa (ENGI11)

Para a Energisa, o banco reduziu o preço-alvo em 7% (para R$ 57,30), mas manteve recomendação de compra, destacando o IRR real de 12,9% e a eficiência operacional da companhia. As estimativas de EBITDA e lucro líquido foram revisadas para baixo.
Os principais riscos apontados são: maior fiscalização e interferência governamental, abertura do mercado de distribuição, aumento de encargos setoriais, crescimento da geração solar distribuída, excesso de energia no médio prazo e eventuais atrasos ou aumento de capex em projetos de transmissão.

Cemig (CMIG4)

Para a Cemig, a instituição manteve recomendação de venda e reduziu os preços-alvo para R$ 8,90 () e US$ 1,60 (CIG), citando a limitação para geração de valor enquanto a empresa permanecer estatal. As estimativas de crescimento foram revistas para baixo, refletindo menor demanda esperada e impacto da nova metodologia de custos.
Entre os riscos positivos que poderiam contrariar essa visão estão a possibilidade de privatização da companhia — o que poderia acelerar iniciativas de corte de custos —, crescimento do PIB e de volumes acima do esperado, melhora na qualidade dos serviços e na eficiência operacional, além de um cenário macroeconômico mais favorável e redução das taxas de juros no Brasil.","['apesar', 'recente', 'valorizacao', 'acoes', 'setor', 'goldman', 'sachs', 've', 'valuations', 'papel', 'razoavel', 'spread', 'real', 'medio', 'setor', 'girar', 'torno', 'acima', 'titulo', 'publico', 'brasileiro', 'cenario', 'banco', 'manter', 'recomendacao', 'positivo', 'segmento', 'destacar', 'nome', 'catalisador', 'curto', 'medio', 'prazo', 'sabesp', 'Copel', 'equatorial', 'dolar', 'hoje', 'vira', 'queda', 'apo', 'dado', 'inflacao', 'EUA', 'fiscal', 'seguir', 'radar', 'haddad', 'discutir', 'possivel', 'alternativa', 'aumento', 'iof', 'camar', 'ibovespa', 'vivo', 'confira', 'movimentar', 'Bolsa', 'dolar', 'juro', 'indice', 'futuro', 'EUA', 'operar', 'misto', 'negociacoes', 'china', 'goldman', 'sachs', 'atualizar', 'estimativa', 'distribuidora', 'brasileiro', 'copel', 'equatorial', 'energisar', 'cemig', 'apo', 'aprovacao', 'maio', 'metodologia', 'calculo', 'opex', 'distribuicao', 'energia', 'aneel', 'tema', 'debater', 'principal', 'mudanco', 'estao', 'atualizacao', 'anual', 'periodo', 'referencia', 'opex', 'ii', 'simplificacao', 'modelo', 'benchmark', 'sensibilidade', 'custo', 'area', 'rural', 'geracao', 'distribuer', 'perda', 'nao', 'tecnica', 'iii', 'uso', 'ipca', 'indexador', 'unico', 'iv', 'compartilhamento', 'ganho', 'eficiencia', 'consumidor', 'atrelar', 'eficiencia', 'mediano', 'setor', 'repar', 'imediato', 'ganho', 'limitar', 'retencao', 'ganho', 'condicionar', 'cumprimento', 'indicador', 'qualidade', 'vii', 'definicao', 'limite', 'maximo', 'minimos', 'ganho', 'respectivamente', 'anteriormente', 'restricoes', 'aproveitar', 'alta', 'Bolsa', 'energisar', 'equatorial', 'impactar', 'metodologia', 'reducoe', 'estimada', 'justo', 'acoes', 'devido', 'elevar', 'exposicao', 'segmento', 'distribuicao', 'cemig', 'Copel', 'apresentar', 'impacto', 'pequeno', 'respectivamente', 'banco', 'tambem', 'incorporar', 'modelo', 'projecoe', 'revisada', 'ons', 'indicar', 'pequeno', 'crescimento', 'demanda', 'energia', 'aler', 'ajustar', 'expectativa', 'rab', 'liquido', 'proximo', 'ano', 'goldman', 'esperar', 'empresa', 'atinjir', 'indicador', 'regional', 'qualidade', 'dec', 'disrupcoes', 'fornecimento', 'alinhar', 'meta', 'aneel', 'regioes', 'concessionaria', 'limite', 'estabelecer', 'levar', 'aumento', 'retencao', 'ganho', 'fixo', 'atualmente', 'banco', 'tambem', 'elevar', 'previsoe', 'despesa', 'unitario', 'gerenciavel', 'opex', 'equatorial', 'curto', 'prazo', 'passar', 'queda', 'anual', 'real', 'estabilidade', 'semelhante', 'previsoe', 'energisa', 'esperar', 'ganho', 'eficiencia', 'decorrente', 'recuperacao', 'celg', 'ceee', 'cea', 'compensar', 'exigencia', 'qualidade', 'metodologia', 'Copel', 'Copel', 'banco', 'reiterar', 'recomendacao', 'compra', 'leve', 'reducao', 'preco', 'alvo', 'us', 'elp', 'goldman', 'destacar', 'divider', 'preco', 'elevar', 'estimar', 'taxa', 'interno', 'retorno', 'irr', 'real', 'aumento', 'dividendo', 'principal', 'catalisador', 'valorizacao', 'acoes', 'principal', 'risco', 'negativo', 'destacar', 'estao', 'fiscalizacao', 'regulador', 'governo', 'federal', 'qualidade', 'servico', 'possivel', 'interferencia', 'governamental', 'abertura', 'mercado', 'distribuicao', 'aumento', 'encargo', 'setorial', 'crescimento', 'geracao', 'solar', 'distribuer', 'afetar', 'volume', 'perda', 'excesso', 'energia', 'medio', 'prazo', 'energia', 'nao', 'contratado', 'proximo', 'ano', 'aler', 'possibilidade', 'extensao', 'debate', 'corte', 'componente', 'financeiro', 'rbse', 'equatorial', 'equatorial', 'preco', 'alvo', 'cortar', 'manutencao', 'recomendacao', 'compra', 'goldman', 've', 'empresa', 'alocadora', 'capital', 'setor', 'negociar', 'irr', 'real', 'estimativa', 'ebitda', 'lucro', 'tambem', 'revisar', 'negativamente', 'risco', 'incluir', 'escrutinio', 'regulatorio', 'interferencia', 'governo', 'federal', 'abertura', 'mercado', 'distribuicao', 'alto', 'encargo', 'setorial', 'avanco', 'geracao', 'solar', 'distribuer', 'ritmo', 'lento', 'esperar', 'recuperacao', 'concessoe', 'adquirir', 'excesso', 'oferta', 'energia', 'medio', 'prazo', 'energisar', 'energisa', 'banco', 'reduzir', 'preco', 'alvo', 'manter', 'recomendacao', 'compra', 'destacar', 'irr', 'real', 'eficiencia', 'operacional', 'companhia', 'estimativa', 'ebitda', 'lucro', 'liquido', 'revisar', 'principal', 'risco', 'sao', 'fiscalizacao', 'interferencia', 'governamental', 'abertura', 'mercado', 'distribuicao', 'aumento', 'encargo', 'setorial', 'crescimento', 'geracao', 'solar', 'distribuer', 'excesso', 'energia', 'medio', 'prazo', 'atraso', 'aumento', 'capex', 'projeto', 'transmissao', 'cemig', 'cemig', 'instituicao', 'manter', 'recomendacao', 'venda', 'reduzir', 'preco', 'alvo', 'us', 'cig', 'citar', 'limitacao', 'geracao', 'empresa', 'permanecer', 'estatal', 'estimativa', 'crescimento', 'revistas', 'refletir', 'pequeno', 'demanda', 'esperar', 'impacto', 'metodologia', 'custo', 'risco', 'positivo', 'contrariar', 'visao', 'estao', 'possibilidade', 'privatizacao', 'companhia', 'acelerar', 'iniciativa', 'corte', 'custos', 'crescimento', 'pib', 'volume', 'acima', 'esperar', 'melhora', 'qualidade', 'servico', 'eficiencia', 'operacional', 'aler', 'cenario', 'macroeconomico', 'favoravel', 'reducao', 'taxa', 'juro', 'Brasil']",https://www.infomoney.com.br/mercados/goldman-ve-acoes-de-utilities-com-valuation-atrativo-apesar-de-rali-veja-preferidas,InfoMoney,1
CPLE6,7,Aneel propõe indenização para elétricas maior que previsto; veja quais ações ganham,2025-06-10,"A Agência Nacional de Energia Elétrica (Aneel) revisou o ressarcimento do RBSE (Rede Básica Existente), que estava suspenso desde maio de 2024. O RBSE compensa as transmissoras por ativos não depreciados, resultado de prorrogações de concessões de 2012.
A decisão final da Aneel, por 3 votos a 2, resultou em uma redução de aproximadamente R$ 5,7 bilhões do ressarcimento, mas ficou melhor do que o esperado para as elétricas.
Isso porque esse valor é cerca da metade da proposta inicial de redução (e do cenário-base do mercado) de R$ 12,8 bilhões, após um debate sobre possíveis erros de cálculo.

Aproveite a alta da Bolsa!


Petrobras (PETR3;PETR4) e petroleiras juniores sobem forte com petróleo em alta

Negociações comerciais entre EUA e China sinalizam um possível alívio nas tensões e impactam positivamente as expectativas para a demanda de energia

Ibovespa Ao Vivo: Bolsa sobe 1% com alívio no IPCA; PETR4 avança 3%

Bolsas dos EUA avançam à espera de detalhes de acordo com a China
A Eletrobras () recebe a maior parte do RBSE (73%), seguida por ISA Energia () (17%), Cemig () (4,0%) e Copel () (2,3%). Os reembolsos, que começaram em 2017, terminam em 2028 e, até então, não haviam sofrido ajustes.
O Bradesco BBI avalia que, desconsiderando a discussão matemática, o resultado da decisão da Aneel sobre o ajuste do RBSE (Rede Básica Existente) é positivo para as empresas de transmissão, reforçando a visão do cenário-base do mercado, que previa um corte maior no RBSE. A redução no RBSE será aplicada às parcelas restantes de reembolso a serem recebidas do segundo semestre de 2025 ao primeiro semestre de 2028.
Para a Eletrobras, que tem recomendação de compra do banco, a estimativa do BBI aponta que o corte total em seus recebíveis de RBSE diminui de R$ 9,2 bilhões (proposta inicial de um dos diretores da Aneel) para R$ 4,1 bilhões (antes dos impostos). Isso implica um Valor Presente Líquido (VPL) positivo de R$ 3,4 bilhões em relação ao cenário-base do Bradesco BBI e do mercado, o que equivale a 3,5% do valor de mercado da empresa.
O Bradesco BBI também estima que a Eletrobras precisará provisionar aproximadamente R$ 2,5 bilhões (após os impostos) no ano fiscal de 2025 (contabilidade IFRS). No entanto, ressalta-se que este não é um efeito caixa e não significa necessariamente que a empresa optará por dividendos menores, dada a existência de grandes reservas de lucro.
Em relação à ISA Energia (para a qual tem recomendação neutra), o corte total do RBSE foi reduzido de R$ 2,1 bilhões para R$ 1,0 bilhão, o que implica em um VPL positivo de R$ 670 milhões (em relação ao cenário-base), equivalente a 4,0% do valor de mercado da empresa.
A estimativa do Bradesco BBI indica que a ISA precisará provisionar cerca de R$ 500 milhões (após impostos) no ano fiscal de 2025 (contabilidade IFRS), mas isso não deve afetar os dividendos pagos além da contabilização regulatória, que não é impactada pela provisão.
Para a Cemig (), com recomendação do banco de venda, o Bradesco BBI estima um pequeno impacto positivo de aproximadamente 0,5% do seu valor de mercado. Contudo, a empresa deve provisionar cerca de R$ 125 milhões (contábil em IFRS), o que equivale a 3,0% do lucro líquido do ano fiscal de 2025, com um impacto pequeno nos dividendos.","['agencia', 'nacional', 'energia', 'eletrico', 'aneel', 'revisar', 'ressarcimento', 'rbse', 'rede', 'basico', 'existente', 'suspenso', 'maio', 'rbser', 'compensar', 'transmissora', 'ativo', 'nao', 'depreciar', 'resultado', 'prorrogacoes', 'concessoe', 'decisao', 'aneel', 'voto', 'resultar', 'reducao', 'aproximadamente', 'bilhoe', 'ressarcimento', 'ficar', 'melhor', 'esperar', 'eletrica', 'cerca', 'metade', 'proposta', 'inicial', 'reducao', 'cenario', 'base', 'mercado', 'bilhoe', 'apo', 'debate', 'possivel', 'erro', 'calculo', 'aproveitar', 'alta', 'Bolsa', 'petrobras', 'petroleira', 'juniore', 'subir', 'forte', 'petroleo', 'alta', 'negociacoes', 'comercial', 'EUA', 'China', 'sinalizar', 'possivel', 'alivio', 'tensoe', 'impactar', 'positivamente', 'expectativa', 'demanda', 'energia', 'ibovespo', 'vivo', 'bolsa', 'subir', 'alivio', 'ipca', 'avancar', 'bolsa', 'EUA', 'avancar', 'espera', 'detalhe', 'acordo', 'china', 'eletrobra', 'receber', 'rbser', 'seguer', 'isa', 'energia', 'cemig', 'Copel', 'reembolso', 'comecar', 'terminar', 'ate', 'entao', 'nao', 'haver', 'sofrir', 'ajuste', 'bradesco', 'bbi', 'avaliar', 'desconsiderar', 'discussao', 'matematico', 'resultado', 'decisao', 'aneel', 'ajustir', 'rbser', 'rede', 'basico', 'existente', 'positivo', 'empresa', 'transmissao', 'reforcar', 'visao', 'cenario', 'base', 'mercado', 'prever', 'corte', 'rbser', 'reducao', 'rbse', 'serar', 'aplicar', 'parcela', 'restante', 'reembolso', 'recebida', 'semestre', 'semestre', 'eletrobra', 'recomendacao', 'compra', 'Banco', 'estimativa', 'bbi', 'corte', 'total', 'recebivel', 'rbse', 'diminuir', 'bilhoes', 'proposta', 'inicial', 'diretor', 'aneel', 'bilhoe', 'imposto', 'implicar', 'presente', 'liquido', 'vpl', 'positivo', 'bilhoe', 'relacao', 'cenario', 'base', 'bradesco', 'bbi', 'mercado', 'equivaler', 'mercado', 'empresa', 'bradesco', 'bbi', 'tambem', 'estimo', 'eletrobra', 'precisarar', 'provisionar', 'aproximadamente', 'bilhoes', 'apo', 'imposto', 'ano', 'fiscal', 'contabilidade', 'ifrs', 'entanto', 'ressalta', 'nao', 'efeito', 'caixa', 'nao', 'significar', 'necessariamente', 'empresa', 'optar', 'dividendo', 'pequeno', 'existencia', 'reserva', 'lucro', 'relacao', 'iso', 'energia', 'recomendacao', 'neutra', 'corte', 'total', 'rbse', 'reduzir', 'bilhoe', 'bilhao', 'implicar', 'vpl', 'positivo', 'milhoes', 'relacao', 'cenario', 'base', 'equivalente', 'mercado', 'empresa', 'estimativa', 'bradesco', 'bbi', 'indicar', 'isa', 'precisarar', 'provisionar', 'cerca', 'milhoes', 'apo', 'imposto', 'ano', 'fiscal', 'contabilidade', 'ifrs', 'nao', 'dever', 'afetar', 'dividendo', 'pagar', 'aler', 'contabilizacao', 'regulator', 'nao', 'impactar', 'provisao', 'cemig', 'recomendacao', 'banco', 'venda', 'bradesco', 'bbi', 'estimar', 'pequeno', 'impacto', 'positivo', 'aproximadamente', 'mercado', 'empresa', 'dever', 'provisionar', 'cerca', 'milhoes', 'contabil', 'ifrs', 'equivaler', 'lucro', 'liquido', 'ano', 'fiscal', 'impacto', 'pequeno', 'dividendo']",https://www.infomoney.com.br/mercados/aneel-propoe-indenizacao-para-eletricas-maior-que-previsto-veja-quais-acoes-ganham,InfoMoney,1
CPLE6,8,"As ações que pagam dividendos para comprar em agosto, segundo especialistas",2025-08-08,"Com uma proposta de unir estabilidade e renda passiva, a  chega a agosto sem alterações na composição, reforçando seu foco em empresas maduras, com bom histórico de distribuição de lucros, gestão de qualidade e perfil defensivo. Desde seu lançamento, em junho de 2018, o portfólio já valorizou 200,8%, contra 82,9% do Ibovespa no mesmo período.

Quais empresas pagam dividendos mensais?

No acumulado dos últimos 12 meses, a carteira entregou um dividend yield de 8,1%, simulando um investimento de R$ 10 mil. Em julho, o rendimento foi modesto, de 0,1%, mas ainda assim acima do índice Ibovespa no desempenho geral do mês: -3,7% contra -4,2%.
Entre os destaques em dividendos estão Petrobras (), com yield de 13,3%, Caixa Seguridade (), com 9,5%, e Itaú (), com 9,0%. No total, são 11 empresas que compõem a carteira com papéis de setores como energia, bancos, telecom e commodities.

Como investir pensando em dividendos?

A estratégia de dividendos é recomendada para quem busca uma carteira mais conservadora, com fluxo constante de proventos. Segundo os estrategistas da XP, os critérios utilizados na seleção envolvem:
“É uma forma de receber retorno constante, ao mesmo tempo em que se mantém exposto a empresas sólidas e bem posicionadas no mercado”, afirmam Fernando Ferreira (estrategista-chefe da XP) e Felipe Veiga (estrategista de ações).

Carteira de Dividendos XP Investimentos – Agosto 2025

A carteira de investimentos da XP que foca em dividendos é composta por diferentes setores, veja a lista para agosto:
Além dos proventos, a equipe do Research XP projeta crescimento de até 52% no preço-alvo de alguns papéis, como Caixa Seguridade, e vê valor atrativo em ações como Eletrobras, Energisa e Vale.

Performance histórica da Carteira Top Dividendos XP:

Para quem quer transformar dividendos em uma fonte constante de renda e manter a carteira exposta a ativos sólidos, a seleção da XP pode ser uma aliada importante.Veja todos os detalhes da carteira e .","['proposta', 'unir', 'estabilidade', 'renda', 'passivo', 'chegar', 'agosto', 'alteracoe', 'composicao', 'reforcar', 'foco', 'empresa', 'maduro', 'historico', 'distribuicao', 'lucro', 'Gestao', 'qualidade', 'perfil', 'defensivo', 'lancamento', 'junho', 'portfolio', 'ja', 'valorizar', 'ibovespa', 'periodo', 'empresa', 'pagar', 'dividenr', 'mensal', 'acumulado', 'ultimo', 'carteira', 'entregar', 'dividend', 'yield', 'simular', 'investimento', 'julho', 'rendimento', 'modesto', 'acima', 'indice', 'ibovespir', 'desempenho', 'mes', 'destaque', 'dividendo', 'estao', 'petrobra', 'yield', 'caixo', 'seguridade', 'itau', 'total', 'sao', 'empresa', 'compoemr', 'carteira', 'papel', 'setor', 'energia', 'banco', 'telecom', 'commodities', 'investir', 'pensar', 'dividendo', 'estrategia', 'dividendo', 'recomendar', 'buscar', 'carteira', 'conservador', 'fluxo', 'constante', 'provento', 'estrategista', 'xp', 'criterio', 'utilizar', 'selecao', 'envolver', 'receber', 'retorno', 'constante', 'mantar', 'expor', 'empresa', 'solido', 'posicionar', 'mercado', 'afirmar', 'Fernando', 'Ferreira', 'estrategista', 'chefe', 'xp', 'felipe', 'veiga', 'estrategista', 'acoes', 'carteira', 'dividendo', 'xp', 'investimento', 'agosto', 'carteira', 'investimento', 'xp', 'focar', 'dividendo', 'compor', 'diferentes', 'setor', 'lista', 'agosto', 'aler', 'provento', 'equipe', 'research', 'xp', 'projetar', 'crescimento', 'ate', 'preco', 'alvo', 'algum', 'papel', 'caixo', 'seguridade', 've', 'atrativo', 'acoes', 'eletrobra', 'energisar', 'valer', 'performance', 'historico', 'carteira', 'top', 'dividenr', 'xp', 'querer', 'transformar', 'dividendo', 'fonte', 'constante', 'renda', 'manter', 'carteira', 'expor', 'ativo', 'solido', 'selecao', 'xp', 'aliar', 'importante', 'detalhe', 'carteira']",https://www.infomoney.com.br/onde-investir/as-acoes-que-pagam-dividendos-para-comprar-em-agosto-segundo-especialistas,InfoMoney,1
CPLE6,9,Tarifa social de energia: como afeta as distribuidoras do setor listadas na B3?,2025-07-08,"Desde 5 de julho de 2025, passou a valer a gratuidade na tarifa de energia elétrica para consumidores com consumo mensal de até 80 kWh. A medida integra a Medida Provisória nº 1.300/2025, atualmente em tramitação no Congresso Nacional, que amplia a Tarifa Social de Energia Elétrica (TSEE) e pode beneficiar cerca de 60 milhões de pessoas.
Além da isenção, o programa “Luz do Povo” prevê descontos para quem consome até 120 kWh, por meio da isenção da Conta de Desenvolvimento Energético (CDE), além de outras mudanças relevantes no setor elétrico.

Ibovespa Ao Vivo: Confira o que movimenta Bolsa, Dólar e Juros nesta terça

Índices futuros dos EUA operam mistos em meio a repercussão de novas tarifas

BBI corta exposição em Argentina e eleva no Chile com foco em câmbio e eleições

Analistas enxergam maior previsibilidade institucional e avanço em investimentos no Chile, enquanto a Argentina enfrenta pressões cambiais, déficit externo crescente e incertezas eleitorais no segundo semestre deste ano
A MP altera a Lei nº 12.212/2010 e amplia o alcance da TSEE, que agora abrange famílias com renda de até meio salário mínimo por pessoa inscritas no CadÚnico, bem como beneficiários do BPC, indígenas e quilombolas. Para esses grupos, o consumo de até 80 kWh/mês passa a ser gratuito. Caso o consumo ultrapasse esse limite, a cobrança será proporcional ao excedente.

Aproveite a alta da Bolsa!

A proposta também contempla descontos adicionais para famílias com renda entre meio e um salário mínimo, com consumo de até 120 kWh/mês, por meio da isenção da CDE — encargo embutido na conta de luz dos demais consumidores.
Outra frente importante da MP é a antecipação da abertura do mercado livre de energia. O cronograma prevê o início da liberalização para consumidores de baixa tensão, como pequenas empresas, já em agosto de 2026. A abertura total do mercado para todos os consumidores está prevista para dezembro de 2027, permitindo que cada cliente escolha seu fornecedor de energia.
O texto ainda introduz o conceito de Supridor de Última Instância (SUI), que atenderá consumidores que não contratarem energia suficiente no mercado livre. A regulamentação do SUI deve ser concluída até fevereiro de 2026.
A Medida Provisória também estabelece uma transição para eliminar os descontos nas tarifas de transmissão (TUST) e distribuição (TUSD) para fontes incentivadas, o que tende a reduzir o prêmio na energia renovável.

Impactos para distribuidoras do setor elétrico

a ampliação da tarifa social pode contribuir para a redução da inadimplência no setor. A corretora também avalia como positiva a introdução de uma cobrança para mitigar riscos de sobrecontratação por parte das distribuidoras, tanto no Ambiente de Contratação Regulada (ACR) quanto no Ambiente de Contratação Livre (ACL), especialmente diante da liberalização do mercado.
Para as geradoras, os efeitos são mistos: positivos para fontes convencionais e negativos para renováveis e autoprodutores, por conta do fim dos subsídios nas tarifas de transmissão e distribuição.
Entre as empresas de capital aberto acompanhadas pela casa, Equatorial () e Energisa () são apontadas como as principais beneficiadas, por atuarem em regiões de menor renda per capita. Já para Cemig () e Copel (), os efeitos são positivos, mas menos expressivos.","['julho', 'passar', 'valer', 'gratuidade', 'tarifa', 'energia', 'eletrico', 'consumidor', 'consumo', 'mensal', 'ate', 'kwh', 'medida', 'integrar', 'medida', 'provisorio', 'atualmente', 'tramitacao', 'congresso', 'nacional', 'ampliar', 'tarifa', 'social', 'energia', 'eletrico', 'tsee', 'beneficiar', 'cerca', 'milhoe', 'pessoa', 'aler', 'isencao', 'programa', 'luz', 'prer', 'desconto', 'consumir', 'ate', 'kwh', 'isencao', 'conta', 'desenvolvimento', 'energetico', 'cde', 'aler', 'outro', 'mudanca', 'relevante', 'setor', 'eletrico', 'ibovespir', 'vivo', 'confira', 'movimentar', 'Bolsa', 'dolar', 'juro', 'terca', 'indice', 'futuro', 'EUA', 'operar', 'misto', 'repercussao', 'tarifa', 'bbi', 'cortar', 'Exposicao', 'argentina', 'eleva', 'chile', 'foco', 'cambio', 'eleicoe', 'analista', 'enxergar', 'previsibilidade', 'institucional', 'avanco', 'investimento', 'chile', 'argentina', 'enfrentar', 'pressoes', 'cambial', 'deficit', 'externo', 'crescente', 'incerteza', 'eleitoral', 'semestre', 'ano', 'mp', 'alterar', 'lei', 'ampliar', 'alcance', 'tsee', 'abranger', 'familia', 'renda', 'ate', 'salario', 'minimo', 'pessoa', 'inscrita', 'cadunico', 'beneficiario', 'bpc', 'indigena', 'quilombola', 'consumo', 'ate', 'kwh', 'mes', 'passar', 'gratuito', 'caso', 'consumo', 'ultrapassar', 'limite', 'cobranca', 'sera', 'proporcional', 'excedente', 'aproveitar', 'alta', 'Bolsa', 'proposta', 'tamber', 'contemplar', 'desconto', 'adicional', 'familia', 'renda', 'salario', 'minimo', 'consumo', 'ate', 'kwh', 'mes', 'isencao', 'Cde', 'encargo', 'embuter', 'conta', 'luz', 'consumidor', 'outro', 'frente', 'importante', 'mp', 'antecipacao', 'abertura', 'mercado', 'livre', 'energia', 'cronograma', 'prer', 'liberalizacao', 'consumidor', 'baixa', 'tensao', 'pequeno', 'empresa', 'ja', 'agosto', 'abertura', 'total', 'mercado', 'consumidor', 'prevista', 'dezembro', 'permitir', 'cliente', 'escolhir', 'fornecedor', 'energia', 'texto', 'introduzir', 'conceito', 'supridor', 'ultimo', 'instancia', 'sui', 'atenderar', 'consumidor', 'nao', 'contratar', 'energia', 'suficiente', 'mercado', 'livre', 'regulamentacao', 'sui', 'dever', 'concluir', 'ate', 'fevereiro', 'medida', 'provisorio', 'tambem', 'estabelecer', 'transicao', 'eliminar', 'desconto', 'tarifa', 'transmissao', 'tust', 'distribuicaor', 'tusd', 'fonte', 'incentivar', 'tender', 'reduzir', 'premio', 'energia', 'renovavel', 'impacto', 'distribuidora', 'setor', 'eletrico', 'ampliacao', 'tarifa', 'social', 'contribuir', 'reducao', 'inadimplencia', 'setor', 'corretora', 'tambem', 'avaliar', 'positivo', 'introducao', 'cobranca', 'mitigar', 'risco', 'sobrecontratacao', 'distribuidora', 'ambiente', 'contratacao', 'regular', 'acr', 'ambiente', 'contratacao', 'livre', 'acl', 'especialmente', 'liberalizacao', 'mercado', 'geradora', 'efeito', 'sao', 'misto', 'positivo', 'fonte', 'convencional', 'negativo', 'renovavel', 'autoprodutor', 'conta', 'subsidio', 'tarifa', 'transmissao', 'distribuicaor', 'empresa', 'capital', 'abrir', 'acompanhar', 'casa', 'equatorial', 'energisar', 'sao', 'principal', 'beneficiar', 'atuar', 'regioes', 'pequeno', 'renda', 'per', 'capitar', 'ja', 'cemig', 'Copel', 'efeito', 'sao', 'positivo', 'expressivo']",https://www.infomoney.com.br/mercados/tarifa-social-de-energia-como-afeta-as-distribuidoras-de-energia-listadas-na-b3,InfoMoney,1
CPLE6,10,"Copel (CPLE6) conclui aquisição da usina Baixo Iguaçu da Neoenergia por R$ 1,05 bi",2025-07-01,"A Copel () concluiu a aquisição de 100% das ações da Geração Céu Azul S.A., que detém 70% do Consórcio Baixo Iguaçu (CEBI), por R$ 1,05 bilhão, em acordo com a Neoenergia ().
A operação faz parte do exercício de direito de preferência da Copel GeT, que agora poderá concluir a venda de sua participação total de 30% no CEBI à Energo-Pro, por R$ 570 milhões, dentro de um acordo maior de R$ 1,554 bilhão.

Ibovespa Ao Vivo: Confira o que movimenta Bolsa, Dólar e Juros nesta terça

Índices futuros dos EUA recuam após registrarem recordes

Klabin (KLBN11) recebe aporte de R$ 700 milhões referente ao Projeto Plateau

TIMO poderá investir até R$ 900 milhões adicionais nas SPEs ligadas ao projeto no mesmo período
O fechamento da segunda operação ainda depende de condições precedentes.","['copel', 'concluir', 'aquisicao', 'acoes', 'geracao', 'cer', 'azul', 'detar', 'consorcio', 'iguacu', 'cebir', 'bilhao', 'acordo', 'neoenergia', 'operacao', 'exercicio', 'direito', 'preferencia', 'Copel', 'get', 'poderar', 'concluir', 'venda', 'participacao', 'total', 'cebi', 'energo', 'pro', 'milhoes', 'acordo', 'bilhao', 'ibovespo', 'vivo', 'confira', 'movimentar', 'Bolsa', 'dolar', 'juro', 'terca', 'indice', 'futuro', 'EUA', 'recuar', 'apo', 'registrar', 'recorde', 'klabin', 'receber', 'aporte', 'milhoes', 'referente', 'projeto', 'plateau', 'timo', 'poderar', 'investir', 'ate', 'milhoes', 'adicional', 'spe', 'ligar', 'projeto', 'periodo', 'fechamento', 'operacao', 'depender', 'condicoe', 'precedente']",https://www.infomoney.com.br/mercados/copel-cple6-conclui-aquisicao-da-usina-baixo-iguacu-da-neoenergia-por-r-105-bi,InfoMoney,0
CPLE6,11,"Após forte alta, é hora de vender “utilities” na B3? Santander ainda vê oportunidades",2025-05-05,"Em meio a forte valorização das ações de (energia e saneamento) brasileiras  — com alta média de 23,2% entre os papéis cobertos pelo Santander — investidores começam a reavaliar suas posições no setor, segundo o banco. A dúvida ganhou força especialmente diante da estabilidade dos títulos públicos de 10 anos, que seguem próximos das máximas de 15 anos, reduzindo o spread real de retorno dessas empresas para níveis historicamente baixos.
No fim do ano passado, o setor era considerado uma aposta atrativa, sustentado por descontado (com spread de 6,2% frente aos títulos de 10 anos), proteção contra a inflação, crescimento orgânico robusto e ambiente regulatório estável. Com parte desse otimismo já precificado, surge a pergunta: já é hora de reduzir a exposição ao setor de utilities?

Ibovespa Ao Vivo: Bolsa cai e perde os 134 mil pontos com exterior e PETR4

Bolsas dos EUA recuam em semana cheia de decisões de Bancos Centrais
Para os analistas do banco, reduzir parcialmente a exposição a para aumentar a alocação em títulos de 10 anos é justificável. Ainda assim, o banco não vê motivos para que deixem de ser uma posição central na carteira de ações, já que os principais pontos de venda seguem válidos: proteção contra inflação, crescimento orgânico robusto e ambiente regulatório estável.

Aproveite a alta da Bolsa!

Além disso, apesar da compressão dos spreads, as TIRs (Taxa Interna de Retorno) reais permanecem elevadas. Olhando para o futuro, os analistas acreditam que o fluxo estrangeiro e o ambiente macroeconômico terão papel ainda mais relevante no desempenho do setor.
Dentre as ações das empresas brasileiras, o banco tem preferência (tem como top pick) a Sabesp (), que é seguida pelo Copel (), Equatorial () e Eneva (). Veja os motivos a seguir:

Sabesp (SBSP3)

O Santander reforçou seu otimismo e sua preferência por Sabesp na América Latina, uma vez que a empresa possui características únicas que podem atrair investidores estrangeiros: alta liquidez, grande valor de mercado (US$ 13,77 bilhões), um controlador respeitado (Equatorial), crescimento significativo do Ebitda, ou lucro antes de juros, impostos, depreciações e amortizações (CAGR, Taxa de Crescimento Anual Composta, de 18% entre 2024 e 2029) e potencial de crescimento inorgânico.
O banco também destaca que a tese de investimento da companhia permite atrair diferentes perfis de fundos temáticos (água, infraestrutura, ESG e impacto).
Além disso, o Santander acredita que o histórico da Equatorial () em recuperar ativos recém-privatizados reforça o otimismo de que a Sabesp pode entregar um cenário positivo.
O banco reiterou recomendação de compra e preço-alvo de R$ 122,02.

Equatorial (EQTL3)

O Santander disse gostar da cultura corporativa da Equatorial e de seu histórico de excelência em alocação de capital e recuperação de ativos problemáticos. “Acreditamos que essas qualidades serão úteis para capturar bons retornos em novas oportunidades”, pontua o banco.
A equipe de análise do banco também vê potencial de valorização com a Sabesp e melhora no perfil de alavancagem após a venda da unidade de transmissão. A ação negocia a um valuation atrativo, com TIR real de 12,0%.
O banco manteve recomendação de compra e preço-alvo de R$ 44,38.

Copel(CPLE6)

O Santander reiterou recomendação de compra e preço-alvo de R$ 12,63, uma vez que a Copel oferece uma combinação interessante de valuation atrativo (TIR real de 11,1%) com perfil de risco reduzido.
Apesar da valorização acumulada no ano, o banco acredita que o sucesso da privatização ainda não está totalmente refletido no preço das ações. No entanto, isso pode mudar nos próximos anos, especialmente se forem anunciados dividendos extraordinários. A Copel deve divulgar sua nova política de dividendos junto aos resultados do 1T25, programados para 8 de maio.
Analistas ainda avaliam que a companhia está bem posicionada para capturar valor adicional no próximo leilão de capacidade.

Eneva(ENEV3)

O Santander reiterou recomendação de compra e preço-alvo de R$ 15,57 para Eneva, pois a companhia está melhor posicionada para atender a nova demanda por capacidade no Brasil.
Analistas acreditam que, para atender ao aumento da demanda por capacidade energética, o governo deve adotar uma postura conservadora e realizar leilões regulares de reserva de capacidade — o próximo está previsto para 2025. “Nele, esperamos que a Eneva recontrate ativos existentes e avance com o gasoduto da Celse”, comentam. “Do contrário, há risco de que os ativos atuais não tenham flexibilidade suficiente para atender aos picos crescentes de demanda.”","['forte', 'valorizacao', 'acoes', 'energia', 'saneamento', 'brasileiro', 'alta', 'media', 'papel', 'coberto', 'santander', 'investidor', 'comecar', 'reavaliar', 'posicoe', 'setor', 'banco', 'duver', 'ganhar', 'forca', 'especialmente', 'estabilidade', 'titulo', 'publico', 'ano', 'seguir', 'proximo', 'maxima', 'ano', 'reduzir', 'Spread', 'Real', 'retorno', 'empresa', 'nivel', 'historicamente', 'ano', 'passado', 'setor', 'considerar', 'aposta', 'atrativo', 'sustentar', 'descontar', 'spread', 'frente', 'titulo', 'ano', 'protecao', 'inflacao', 'crescimento', 'organico', 'robusto', 'ambiente', 'regulatorio', 'estavel', 'otimismo', 'ja', 'precificado', 'surgir', 'pergunta', 'ja', 'hora', 'reduzir', 'exposicao', 'setor', 'utilities', 'ibovespa', 'vivo', 'bolsa', 'cair', 'perder', 'exterior', 'bolsa', 'EUA', 'recuar', 'semana', 'cheio', 'decisoes', 'banco', 'central', 'analista', 'banco', 'reduzir', 'parcialmente', 'exposicao', 'aumentar', 'alocacao', 'titulo', 'ano', 'justificavel', 'banco', 'nao', 've', 'motivo', 'deixar', 'posicao', 'central', 'carteira', 'acoes', 'principal', 'venda', 'seguir', 'valir', 'protecao', 'inflacao', 'crescimento', 'organico', 'robusto', 'ambiente', 'regulatorio', 'estavel', 'aproveitar', 'alta', 'bolsa', 'aler', 'apesar', 'compressao', 'spread', 'tirs', 'taxa', 'interno', 'retorno', 'real', 'permanecer', 'elevada', 'olhar', 'futuro', 'analista', 'acreditar', 'fluxo', 'estrangeiro', 'ambiente', 'macroeconomico', 'terao', 'papel', 'relevante', 'desempenho', 'setor', 'dentre', 'acoes', 'empresa', 'brasileiro', 'banco', 'preferencia', 'top', 'pick', 'sabesp', 'seguir', 'copel', 'equatorial', 'enevar', 'motivo', 'seguir', 'sabesp', 'santander', 'reforcar', 'otimismo', 'preferencia', 'sabesp', 'america', 'latino', 'empresa', 'possuir', 'caracteristica', 'unico', 'atrair', 'investidor', 'estrangeiro', 'alto', 'liquidez', 'mercado', 'us', 'bilhoes', 'controlador', 'respeitar', 'equatorial', 'crescimento', 'significativo', 'ebitda', 'lucro', 'juro', 'imposto', 'depreciacoe', 'Amortizacoes', 'cagr', 'taxa', 'crescimento', 'anual', 'composta', 'potencial', 'crescimento', 'inorganico', 'banco', 'tamber', 'destacar', 'tese', 'investimento', 'companhia', 'permitir', 'atrair', 'diferentes', 'perfis', 'fundo', 'tematico', 'aguo', 'infraestrutura', 'esg', 'impacto', 'aler', 'santander', 'acreditar', 'historico', 'equatorial', 'recuperar', 'ativo', 'recer', 'privatizar', 'reforca', 'otimismo', 'sabesp', 'entregar', 'cenario', 'positivo', 'banco', 'reiterar', 'recomendacao', 'compra', 'precor', 'alvo', 'equatorial', 'santander', 'gostar', 'cultura', 'corporativo', 'equatorial', 'historico', 'excelencia', 'alocacao', 'capital', 'recuperacao', 'ativo', 'problematico', 'acreditar', 'qualidade', 'serao', 'utei', 'capturar', 'retorno', 'oportunidade', 'pontua', 'banco', 'equipe', 'analise', 'banco', 'tamber', 've', 'potencial', 'valorizacao', 'sabesp', 'melhora', 'perfil', 'alavancagem', 'apo', 'venda', 'unidade', 'transmissao', 'acao', 'negociar', 'valuation', 'atrativo', 'tir', 'real', 'banco', 'manter', 'recomendacao', 'compra', 'precor', 'alvo', 'copel', 'santander', 'reiterar', 'recomendacao', 'compra', 'precor', 'alvo', 'copel', 'oferecer', 'combinacao', 'interessante', 'Valuation', 'atrativo', 'tir', 'real', 'perfil', 'risco', 'reduzir', 'apesar', 'valorizacao', 'acumular', 'ano', 'banco', 'acreditar', 'sucesso', 'privatizacao', 'nao', 'totalmente', 'refleter', 'preco', 'acoes', 'entanto', 'mudar', 'proximo', 'ano', 'especialmente', 'anunciar', 'dividenr', 'extraordinario', 'copel', 'dever', 'divulgar', 'politica', 'dividendo', 'junto', 'resultado', 'programar', 'maio', 'analista', 'avaliar', 'companhia', 'posicionar', 'capturar', 'adicional', 'proximo', 'leilao', 'capacidade', 'enevo', 'santander', 'reiterar', 'recomendacao', 'compra', 'precor', 'alvo', 'enever', 'companhia', 'posicionar', 'atender', 'demanda', 'capacidade', 'Brasil', 'analista', 'acreditar', 'atender', 'aumento', 'demanda', 'capacidade', 'energetico', 'governo', 'dever', 'adotar', 'postura', 'conservador', 'realizar', 'leiloe', 'regular', 'reserva', 'capacidade', 'proximo', 'previsto', 'esperar', 'enevir', 'recontrate', 'ativo', 'existente', 'avancer', 'gasoduto', 'celse', 'comentar', 'contrario', 'ha', 'risco', 'ativo', 'atual', 'nao', 'flexibilidade', 'suficiente', 'atender', 'pico', 'crescente', 'demanda']",https://www.infomoney.com.br/mercados/apos-forte-alta-e-hora-de-vender-acoes-utilities-na-b3-santander-ainda-ve-oportunidades,InfoMoney,0
CPLE6,12,Copel (CPLE6) em alta e Marfrig (MBRF3) em baixa: o que explica esses movimentos?,2025-10-27,"A  chama atenção por figurar entre as ações mais “caras” do Ibovespa segundo o . A leitura mais recente coloca o ativo em , patamar de região de sobrecompra — sinal de que, após forte valorização, pode estar perto de uma correção. No acumulado de 2025, os papéis sobem , enquanto em 12 meses avançam .
Na ponta oposta, a  aparece como uma das ações mais “baratas” do índice, com IFR em , nível de sobrevenda que sugere possível desconto e oportunidade para investidores em busca de entrada. O desempenho, porém, é negativo: em 2025 a queda é de , e no acumulado de 12 meses a recua .

Minidólar (WDOX25) hoje: atenção a balanços e encontro entre Trump e Xi

Saiba o que esperar para o minidólar nesta segunda (27)

Mini-índice (WINZ25) hoje: inflação leve anima, mas balanços trazem cautela

Confira o que a análise técnica aponta para o mini-índice hoje (27 de outubro)

IFR: ações da bolsa

O , um dos principais indicadores da análise técnica, mede a intensidade dos movimentos de preço em uma escala de 0 a 100. Acima de 70, o ativo é considerado sobrecomprado; abaixo de 30, sobrevendido.
Na prática, isso significa que a Eletrobras pode estar em momento de euforia, enquanto a Azzas enfrenta pressão vendedora que pode abrir espaço para repiques de alta.
Além delas, também estão entre as ações mais sobrecompradas , .
Já entre as mais pressionadas figuram , que operam em níveis técnicos de maior fragilidade.

Análise técnica Copel (CPLE6)

A Copel acumula  e avança , renovando . O papel segue em , sustentado pelo fluxo comprador e pela posição acima das médias de 9 e 21 períodos.
O  indica , o que pode gerar correção pontual nas próximas sessões — ainda que a estrutura primária permaneça positiva.
: R$ 13,59; R$ 13,22; R$ 13,04; R$ 12,81; R$ 12,22; R$ 11,84; R$ 11,58
: R$ 13,82 (topo histórico); R$ 14,00; R$ 14,43; R$ 14,63; R$ 14,81/15,00

Análise técnica Marfrig (MBRF3)

A Marfrig recua  e cai , mantendo  após renovar topo histórico em R$ 24,73. O papel segue pressionado, negociando , com fluxo vendedor predominante.
O  sinaliza , o que abre espaço para  de curtíssimo prazo — porém,  até aqui.
)","['chama', 'atencao', 'figurar', 'acoes', 'cara', 'ibovespa', 'leitura', 'recente', 'colocar', 'ativo', 'patamar', 'regiao', 'sobrecompra', 'sinal', 'apo', 'forte', 'valorizacao', 'correcao', 'acumulado', 'papel', 'subir', 'avancar', 'ponta', 'oposto', 'aparecer', 'acoes', 'barata', 'indice', 'ifr', 'nivel', 'sobrevenda', 'sugerir', 'possivel', 'desconto', 'oportunidade', 'investidor', 'busca', 'entrada', 'desempenho', 'negativo', 'queda', 'acumulado', 'recua', 'minidolar', 'hoje', 'atencao', 'balanco', 'encontro', 'trump', 'xi', 'esperar', 'minidolar', 'mini', 'indice', 'hoje', 'inflacao', 'levar', 'animo', 'balanco', 'trazer', 'cautela', 'confiro', 'analise', 'tecnico', 'mini', 'indice', 'hoje', 'outubro', 'ifr', 'acoes', 'bolsa', 'principal', 'indicador', 'analise', 'tecnico', 'medir', 'intensidade', 'movimento', 'preco', 'escala', 'acima', 'ativo', 'considerar', 'sobrecomprar', 'abaixo', 'sobrevender', 'pratico', 'significar', 'eletrobra', 'euforia', 'azza', 'enfrentar', 'pressao', 'vendedora', 'abrir', 'espaco', 'repique', 'alta', 'aler', 'tambem', 'estao', 'acoes', 'sobrecomprado', 'ja', 'pressionado', 'figurar', 'operar', 'nivel', 'tecnico', 'fragilidade', 'analise', 'tecnico', 'copel', 'Copel', 'acumular', 'avanca', 'renovar', 'papel', 'seguir', 'sustentar', 'fluxo', 'comprador', 'posicao', 'acima', 'media', 'perior', 'indicar', 'gerar', 'correcao', 'pontual', 'proxima', 'sessoes', 'estrutura', 'primario', 'permaneco', 'positivo', 'topo', 'historico', 'analise', 'tecnico', 'Marfrig', 'marfrig', 'recua', 'cair', 'manter', 'apo', 'renovar', 'topo', 'historico', 'papel', 'seguir', 'pressionar', 'negociar', 'fluxo', 'vendedor', 'predominante', 'sinalizar', 'abrir', 'espaco', 'curtissimo', 'prazo', 'ate']",https://www.infomoney.com.br/mercados/copel-cple6-em-alta-e-marfrig-mbrf3-em-baixa-o-que-explica-esses-movimentos,InfoMoney,1
CPLE6,13,"Copel (CPLE6) conclui venda da Usina Hidrelétrica Baixo Iguaçu por R$ 1,683 bi",2025-10-23,"A Copel () concluiu a operação de desinvestimento na Usina Hidrelétrica Baixo Iguaçu junto à ENERGO-PRO, após o cumprimento de todas as condições precedentes e a obtenção das aprovações pelos órgãos competentes.
O equity value da operação totalizou R$ 1,683,3 bilhão. Desse montante, R$ 155,4 milhões foram pagos em fevereiro de 2025, R$ 1,517,9 bilhão foram creditados hoje e os R$ 10,0 milhões restantes serão liberados assim que forem concluídas algumas etapas pós-fechamento.","['copel', 'concluir', 'operacao', 'desinvestimento', 'usina', 'hidreletrica', 'iguacu', 'junto', 'energo', 'pro', 'apo', 'cumprimento', 'condicoe', 'precedente', 'obtencao', 'aprovacoe', 'orgao', 'competente', 'equity', 'value', 'operacao', 'totalizar', 'bilhao', 'montante', 'milhoe', 'pagar', 'fevereiro', 'bilhao', 'creditar', 'hoje', 'milhoes', 'restante', 'serao', 'liberar', 'concluir', 'algum', 'etapa', 'po', 'fechamento']",https://www.infomoney.com.br/mercados/copel-cple6-conclui-venda-da-usina-hidreletrica-baixo-iguacu-por-r-1683-bi,InfoMoney,1
CPLE6,14,De banco a seguradora: as cinco ações de dividendos mais indicadas para outubro,2025-10-03,"Mesmo com a Selic alta, as empresas da Bolsa seguem, em geral, performando bem e entregando resultados positivos. Uma das consequências da geração de caixa robusta das companhias é a distribuição de dividendos, que vem atraindo investidores para o mercado acionário.
Em outubro, cinco conhecidas do investidor que foca em dividendos estão entre as mais recomendadas para a carteira de renda passiva. O compilado com as recomendações das principais corretoras do Brasil feito pelo  mostra a Petrobras () como a mais indicada no início do último trimestre do ano.
A lista mostra como a diversificação é importante na carteira de dividendos: são cinco ações de cinco setores diferentes, do financeiro ao elétrico. Na comparação com o ranking de setembro, houve duas saídas e duas entradas, com Copasa () e Direcional () deixando a lista.
Participe do Onde Investir 2026 e desbloqueie planilhas exclusivas, relatórios, planner financeiro e todos os painéis do evento; inscreva-se.
Confira as ações de dividendos mais recomendadas para investir em outubro e o dividend yield (DY, retorno com dividendos) nos últimos 12 meses até o fim de setembro:

Petrobras (PETR4)

O BTG Pactual diz manter uma visão mais construtiva do que a do consenso do mercado para o papel da petroleira. Para o banco, a combinação de maior geração de caixa – que vem de aumento de produção – em 2026 com menores despesas de capital e operacionais pode gerar pagamento de dividendos acima do precificado atualmente. A estimativa é de rendimento anual entre 9% e 10% com dividendos da Petrobras.

Caixa Seguridade (CXSE3)

A Terra Investimentos destaca o lucro líquido gerencial de R$ 1,04 bilhão da companhia no segundo trimestre, além de payout (porcentagem do lucro líquido distribuída a acionistas) “elevado”, de cerca de 90%. “O modelo diversificado e a reestruturação societária reforçam a resiliência e geração de valor aos acionistas”, diz a corretora, que ainda enxerga potencial de valorização para o papel.

Copel (CPLE6)

Os fundamentos “sólidos” da companhia ainda não parecem refletidos no preço das ações, na avaliação da Ágora Investimentos. Fatores como o aumento da liquidez dos papéis, com migração para o Novo Mercado da B3 e participação da empresa no segundo leilão de capacidade do Brasil, no qual possui o projeto hidrelétrico “mais competitivo” reforçam a visão positiva da corretora para o papel. A Ágora ainda destaca o aumento na distribuição de lucros, o que eleva o retorno esperado com dividendos para cerca de 10% ao ano nos próximos três anos.

Vivo (VIVT3)

A principal tese de investimento na ação está centrada na expansão da infraestrutura de fibra óptica, aliada à robusta geração de fluxo de caixa livre, que se traduz em distribuição de dividendos atrativos ao longo de 2026, escreve a Terra Investimentos.

Itaú (ITUB4)

O Santander espera que o Itaú volte a acelerar a concessão de empréstimos em segmentos específicos, “principalmente agora que estabilizou a inadimplência de sua carteira”. Os analistas dizem que “o Itaú é um banco que normalmente cumpre suas projeções” e que a grande escala e presença diversificada da companhia resultam em menor volatilidade dos lucros. O retorno com dividendos esperado para 2026 é de 7,30%.","['selic', 'alto', 'empresa', 'bolsa', 'seguir', 'performar', 'entregar', 'resultado', 'positivo', 'consequencia', 'geracao', 'caixa', 'robusta', 'companhia', 'distribuicao', 'dividendo', 'vir', 'atrair', 'investidor', 'mercado', 'acionario', 'outubro', 'conhecer', 'investidor', 'focar', 'dividendo', 'estao', 'recomendar', 'carteira', 'renda', 'passivo', 'compilado', 'recomendacoes', 'principal', 'corretora', 'Brasil', 'mostra', 'petrobra', 'indicar', 'ultimo', 'trimestre', 'ano', 'lista', 'mostrar', 'diversificacao', 'importante', 'carteira', 'dividendo', 'sao', 'acoes', 'setor', 'diferente', 'financeiro', 'eletrico', 'comparacao', 'ranking', 'setembro', 'haver', 'saida', 'entrada', 'copasa', 'direcional', 'deixar', 'lista', 'participe', 'investir', 'desbloqueier', 'planilha', 'exclusivo', 'relatorio', 'planner', 'financeiro', 'painel', 'evento', 'inscrevar', 'confira', 'acoes', 'dividendo', 'recomendar', 'investir', 'outubro', 'dividend', 'Yield', 'dy', 'retorno', 'dividendo', 'ultimos', 'ate', 'setembro', 'petrobra', 'btg', 'pactual', 'manter', 'visao', 'construtivo', 'consenso', 'mercado', 'papel', 'petroleira', 'banco', 'combinacao', 'geracao', 'caixa', 'vir', 'aumento', 'producao', 'pequeno', 'despesa', 'capital', 'operacional', 'gerar', 'pagamento', 'dividendo', 'acima', 'precificado', 'atualmente', 'estimativa', 'rendimento', 'anual', 'dividendo', 'petrobra', 'caixa', 'seguridade', 'terra', 'investimento', 'destacar', 'lucro', 'liquido', 'gerencial', 'bilhao', 'companhia', 'trimestre', 'aler', 'payout', 'porcentagem', 'lucro', 'liquido', 'distribuer', 'acionista', 'elevar', 'cerca', 'modelo', 'diversificar', 'reestruturacao', 'societario', 'reforcar', 'resiliencia', 'geracao', 'acionista', 'corretora', 'enxerga', 'potencial', 'valorizacao', 'papel', 'copel', 'fundamento', 'solir', 'companhia', 'nao', 'parecer', 'refletir', 'preco', 'acoes', 'avaliacao', 'investimento', 'fator', 'aumento', 'liquidez', 'papel', 'migracao', 'mercado', 'participacao', 'empresa', 'Leilao', 'capacidade', 'Brasil', 'possuir', 'projeto', 'hidreletrico', 'competitivo', 'reforcar', 'visao', 'positivo', 'corretora', 'papel', 'destacar', 'aumento', 'distribuicao', 'lucro', 'eleva', 'retorno', 'esperar', 'dividendo', 'cerca', 'ano', 'proximo', 'tr', 'ano', 'viver', 'principal', 'tese', 'investimento', 'acao', 'centrar', 'expansao', 'infraestrutura', 'fibra', 'optico', 'aliar', 'robusta', 'geracao', 'fluxo', 'caixa', 'livre', 'traduzir', 'distribuicao', 'dividendo', 'atrativo', 'longo', 'escrever', 'terra', 'investimento', 'itau', 'santander', 'esperar', 'itau', 'voltar', 'acelerar', 'concessao', 'emprestimo', 'segmento', 'especifico', 'principalmente', 'estabilizar', 'inadimplencia', 'carteira', 'analista', 'itau', 'banco', 'normalmente', 'cumprir', 'projecoe', 'escala', 'presenca', 'diversificar', 'companhia', 'resultar', 'pequeno', 'volatilidade', 'lucro', 'retorno', 'dividendo', 'esperar']",https://www.infomoney.com.br/onde-investir/de-banco-a-seguradora-as-cinco-acoes-de-dividendos-mais-indicadas-para-outubro,InfoMoney,1
CPLE6,15,Quais ações de elétricas podem ganhar com novas diretrizes para leilão de capacidade?,2025-08-26,"Na semana passada, o Ministério de Minas e Energia (MME) lançou uma consulta pública com as diretrizes iniciais para o próximo Leilão de Capacidade de Energia. O primeiro certame, para projetos a gás, carvão e hidrelétricos, será realizado em 13 de março de 2026. O segundo, voltado à contratação de usinas a óleo, ocorrerá em 20 de março de 2026.
As regras preliminares foram vistas como um avanço em termos de previsibilidade, tanto no cronograma quanto nos produtos a serem contratados via PPAs (contratos de compra de energia). O objetivo do leilão é dar mais flexibilidade ao sistema elétrico brasileiro, que será dividido em duas etapas, com as fontes competindo separadamente.

Oncoclínicas vende hospital para Hapvida: uma operação ganha-ganha para as empresas?

Operadora de saúde Hapvida assinou contrato para compra do Hospital de Oncologia do Méier, da Oncoclínicas, localizado no Rio de Janeiro

Usiminas (USIM5): queda de 21% não muda visão cautelosa da XP sobre ações; entenda

Embora o  EV/EBITDA de 3 vezes para 2026 não pareça elevado, a XP entende que múltiplos de avaliação mais baixos são justos
Embora a demanda total ainda não tenha sido divulgada, o Bank of America (BofA) estima necessidade superior a 20 Gigawatt (GW) médios em contratos de térmicas e hidrelétricas até 2030.
Participe do Onde Investir 2026 e desbloqueie planilhas exclusivas, relatórios, planner financeiro e todos os painéis do evento; inscreva-se.
Na avaliação do BofA, a Eneva () deve ser a principal beneficiada do leilão. Pelas diretrizes, a empresa poderá renovar cerca de 30% da capacidade instalada com contratos que vencem entre 2027 e 2029 (gás e carvão), além de abrir espaço para novos projetos, como a usina Celse 2 (1,3 GW), que pode adicionar aproximadamente 3% ao valor presente líquido (VPL) da companhia.
Embora a separação entre projetos on-grid (conectados à rede de transmissão) e off-grid (não conectados à rede) reduza, a princípio, a vantagem competitiva da Eneva — já que seus ativos Parnaíba 1/3 não têm custos de transporte de gás —, o banco entende que a elevada necessidade do sistema e o menor custo de potenciais projetos Greenfield (novos projetos construídos do zero) devem garantir um desfecho positivo.
Mesmo após a valorização de 4,5% das ações na véspera, o BofA afirma que os resultados da análise de sensibilidade com mais de 630 cenários indicam que o valuation da Eneva continua enviesado para cima, enquanto o mercado aguarda as diretrizes finais do leilão (como preço-teto e demanda total por produto).
Por outro lado, o BofA avalia que a Copel () deve ser a maior beneficiada no segmento hidrelétrico, devido às vantagens competitivas em seus projetos de expansão, seguida por Eletrobras (; ), Engie Brasil () e Auren ().
O Santander, por sua vez, avalia que o leilão pode ser transformacional para a Eneva (), uma vez que as diretrizes preliminares permitem a competição de usinas térmicas novas e existentes nos mesmos produtos para 2028, 2029 e 2030, aumentando a probabilidade de receitas fixas elevadas para ativos já em operação, além da participação de usinas a carvão.

Ibovespa Ao Vivo: Bolsa cai e tenta segurar os 137 mil pontos

Bolsas operam mistas em meio à pressão de Trump sobre o FED

Dólar hoje recua após deflação do IPCA-15 e demissão no Fed

A reunião ministerial do governo brasileiro também está no radar
O Santander estima potencial de valorização de 11,8% no valor presente líquido desses ativos existentes. Além disso, aponta oportunidades para novos projetos, com destaque para a usina Celse 2, que poderia acrescentar 1,9% de upside graças à sua estrutura de baixo custo — parte da infraestrutura já foi absorvida pelo projeto original da Celse. Somados, os projetos mais competitivos e conhecidos resultariam em potencial de valorização de 13,7%.
Para compreender o potencial de recontratação desses ativos, o Santander calcula o custo nivelado de capacidade (LCOC) de novos projetos a gás, principais concorrentes da Eneva no leilão.
Considerando um retorno-alvo de dois dígitos, o banco assume um projeto off-grid com custo variável unitário (CVU, custo de operação por MWh gerado) de R$ 600 por MWh e Fator A no mínimo exigido (5,2%, usado para calcular o valor do contrato de energia). O índice de custo-benefício (ICB, que mede a viabilidade econômica do projeto) que permitiria alcançar esse retorno seria de R$ 216/MWh, valor utilizado como base para as projeções de VPL.
Apesar do cenário positivo, o Santander ressalta que a demanda será o fator-chave para definir os retornos finais. O MME propôs que o Operador Nacional do Sistema (ONS) e a Empresa de Pesquisa Energética (EPE) considerem 5% tanto para a probabilidade anual de déficit (LOLP) quanto para o CVaR (indicador estatístico usado para avaliar cenários extremos) na definição da demanda do leilão.
Diante desse cenário, o Santander avalia que o leilão pode facilmente alcançar demanda total entre 12 GW e 15 GW.","['semana', 'passado', 'ministerio', 'mina', 'energia', 'mme', 'lancar', 'consulta', 'publico', 'diretriz', 'inicial', 'proximo', 'leilao', 'capacidade', 'energia', 'certame', 'projeto', 'ga', 'carvao', 'hidreletrico', 'sera', 'realizar', 'marco', 'voltar', 'contratacao', 'usina', 'oleo', 'ocorrerar', 'marco', 'regra', 'preliminar', 'avanco', 'termos', 'previsibilidade', 'cronograma', 'produto', 'contratar', 'via', 'ppa', 'contrato', 'compra', 'energia', 'objetivo', 'leilao', 'flexibilidade', 'eletrico', 'brasileiro', 'serar', 'dividir', 'etapa', 'fonte', 'competir', 'separadamente', 'oncoclinica', 'vender', 'hospital', 'hapvida', 'operacao', 'ganhar', 'ganhar', 'empresa', 'operador', 'saude', 'hapvidurar', 'assinar', 'contrato', 'compra', 'hospital', 'oncologia', 'meier', 'oncoclinica', 'localizar', 'rio', 'Janeiro', 'usiminas', 'queda', 'nao', 'mudar', 'visao', 'cauteloso', 'xp', 'acoes', 'entenda', 'ev', 'ebitda', 'nao', 'pareca', 'elevar', 'xp', 'entender', 'multiplo', 'avaliacao', 'sao', 'justo', 'demanda', 'total', 'nao', 'divulgar', 'bank', 'of', 'americar', 'bofo', 'estimo', 'necessidade', 'alto', 'gigawatt', 'gw', 'medio', 'contrato', 'termica', 'hidreletrico', 'ate', 'participe', 'investir', 'desbloqueier', 'planilha', 'exclusivo', 'relatorio', 'planner', 'financeiro', 'painel', 'evento', 'inscrevar', 'avaliacao', 'bofa', 'eneva', 'dever', 'principal', 'beneficiada', 'leilao', 'diretriz', 'empresa', 'poderar', 'renovar', 'cerca', 'capacidade', 'instalar', 'contrato', 'vencer', 'ga', 'carvao', 'aler', 'abrir', 'espaco', 'projeto', 'usina', 'celse', 'gw', 'adicionar', 'aproximadamente', 'presente', 'liquido', 'vpl', 'companhia', 'separacao', 'projeto', 'on', 'grid', 'conectar', 'rede', 'transmissao', 'off', 'grid', 'nao', 'conectar', 'rede', 'reduza', 'principio', 'vantagem', 'competitivo', 'enevo', 'ja', 'ativo', 'parnaiba', 'nao', 'custo', 'transporte', 'ga', 'banco', 'entender', 'elevar', 'necessidade', 'pequeno', 'custo', 'potencial', 'projeto', 'greenfield', 'projeto', 'construir', 'dever', 'garantir', 'desfecho', 'positivo', 'apo', 'valorizacao', 'acoes', 'vespera', 'bofa', 'afirmar', 'resultado', 'analise', 'sensibilidade', 'cenario', 'indicar', 'valuation', 'eneva', 'continuar', 'enviesar', 'mercado', 'aguardar', 'diretriz', 'leilao', 'preco', 'teto', 'demanda', 'total', 'produto', 'outro', 'bofa', 'avaliar', 'copel', 'dever', 'beneficiar', 'segmento', 'hidreletrico', 'devido', 'vantagem', 'competitivo', 'projeto', 'expansao', 'seguir', 'eletrobra', 'engie', 'Brasil', 'aurenr', 'santander', 'avaliar', 'leilao', 'transformacional', 'eneva', 'diretriz', 'preliminar', 'permitir', 'competicao', 'usina', 'termica', 'existente', 'produto', 'aumentar', 'probabilidade', 'receita', 'fixas', 'elevar', 'ativo', 'ja', 'operacao', 'aler', 'participacao', 'usina', 'carvao', 'ibovespir', 'vivo', 'bolsa', 'cair', 'segurar', 'bolsa', 'operar', 'mista', 'pressao', 'trump', 'fed', 'dolar', 'hoje', 'recuir', 'apo', 'deflacao', 'ipca', 'demissao', 'fed', 'reuniao', 'ministerial', 'governo', 'brasileiro', 'tamber', 'radar', 'santander', 'estima', 'potencial', 'valorizacao', 'presente', 'liquido', 'ativo', 'existente', 'aler', 'oportunidade', 'projeto', 'destaque', 'usina', 'celse', 'acrescentar', 'upside', 'graco', 'estrutura', 'custo', 'infraestrutura', 'ja', 'absorver', 'projeto', 'original', 'celse', 'somado', 'projeto', 'competitivo', 'conhecer', 'resultarir', 'potencial', 'valorizacao', 'compreender', 'potencial', 'recontratacao', 'ativo', 'santander', 'calcular', 'custo', 'nivelar', 'capacidade', 'lcoc', 'projeto', 'ga', 'principal', 'concorrente', 'eneva', 'leilao', 'considerar', 'retorno', 'alvo', 'digito', 'banco', 'assumir', 'projeto', 'off', 'grid', 'custo', 'variavel', 'unitario', 'cvu', 'cur', 'operacao', 'mwh', 'gerar', 'mwh', 'fator', 'minimo', 'exigir', 'calcular', 'contrato', 'energia', 'indice', 'custo', 'beneficio', 'icb', 'medir', 'viabilidade', 'economico', 'projeto', 'permitir', 'alcancar', 'retorno', 'mwh', 'utilizar', 'base', 'projecoe', 'vpl', 'apesar', 'cenario', 'positivo', 'santander', 'ressalta', 'demanda', 'serar', 'fator', 'chave', 'definir', 'retorno', 'mme', 'propo', 'operador', 'nacional', 'ons', 'empresa', 'pesquisa', 'energetico', 'epe', 'consider', 'probabilidade', 'anual', 'deficit', 'lolp', 'cvar', 'indicador', 'estatistico', 'avaliar', 'cenario', 'extremo', 'definicao', 'demanda', 'leilao', 'cenario', 'santander', 'avaliar', 'leilao', 'facilmente', 'alcancar', 'demanda', 'total', 'gw', 'gw']",https://www.infomoney.com.br/mercados/quais-acoes-de-eletricas-podem-ganhar-com-novas-diretrizes-para-leilao-de-capacidade,InfoMoney,1
